<?xml version="1.0" encoding="UTF-8" ?>
<!-- This is a WordPress eXtended RSS file generated by WordPress as an export of your site. -->
<!-- It contains information about your site's posts, pages, comments, categories, and other content. -->
<!-- You may use this file to transfer that content from one site to another. -->
<!-- This file is not intended to serve as a complete backup of your site. -->

<!-- To import this information into a WordPress site follow these steps: -->
<!-- 1. Log in to that site as an administrator. -->
<!-- 2. Go to Tools: Import in the WordPress admin panel. -->
<!-- 3. Install the "WordPress" importer from the list. -->
<!-- 4. Activate & Run Importer. -->
<!-- 5. Upload this file using the form provided on that page. -->
<!-- 6. You will first be asked to map the authors in this export file to users -->
<!--    on the site. For each author, you may choose to map to an -->
<!--    existing user on the site or to create a new user. -->
<!-- 7. WordPress will then import each of the posts, pages, comments, categories, etc. -->
<!--    contained in this file into your site. -->

<!-- generator="WordPress/3.7.1" created="2014-01-28 20:47" -->
<rss version="2.0"
	xmlns:excerpt="http://wordpress.org/export/1.2/excerpt/"
	xmlns:content="http://purl.org/rss/1.0/modules/content/"
	xmlns:wfw="http://wellformedweb.org/CommentAPI/"
	xmlns:dc="http://purl.org/dc/elements/1.1/"
	xmlns:wp="http://wordpress.org/export/1.2/"
>

<channel>
	<title>Elision</title>
	<link>http://demo.qodeinteractive.com/elision</link>
	<description>Responsive Multi-Purpose WordPress Theme</description>
	<pubDate>Tue, 28 Jan 2014 20:47:02 +0000</pubDate>
	<language>en-US</language>
	<wp:wxr_version>1.2</wp:wxr_version>
	<wp:base_site_url>http://demo.qodeinteractive.com/elision</wp:base_site_url>
	<wp:base_blog_url>http://demo.qodeinteractive.com/elision</wp:base_blog_url>

	<wp:author><wp:author_id>1</wp:author_id><wp:author_login>admin</wp:author_login><wp:author_email>support@qodeinteractive.com</wp:author_email><wp:author_display_name><![CDATA[admin]]></wp:author_display_name><wp:author_first_name><![CDATA[Qode]]></wp:author_first_name><wp:author_last_name><![CDATA[Interactive]]></wp:author_last_name></wp:author>

	<wp:category><wp:term_id>17</wp:term_id><wp:category_nicename>art</wp:category_nicename><wp:category_parent></wp:category_parent><wp:cat_name><![CDATA[Art]]></wp:cat_name></wp:category>
	<wp:category><wp:term_id>2</wp:term_id><wp:category_nicename>business</wp:category_nicename><wp:category_parent></wp:category_parent><wp:cat_name><![CDATA[Business]]></wp:cat_name></wp:category>
	<wp:category><wp:term_id>39</wp:term_id><wp:category_nicename>design</wp:category_nicename><wp:category_parent></wp:category_parent><wp:cat_name><![CDATA[Design]]></wp:cat_name></wp:category>
	<wp:category><wp:term_id>40</wp:term_id><wp:category_nicename>music</wp:category_nicename><wp:category_parent></wp:category_parent><wp:cat_name><![CDATA[Music]]></wp:cat_name></wp:category>
	<wp:category><wp:term_id>5</wp:term_id><wp:category_nicename>photography</wp:category_nicename><wp:category_parent></wp:category_parent><wp:cat_name><![CDATA[Photography]]></wp:cat_name></wp:category>
	<wp:category><wp:term_id>10</wp:term_id><wp:category_nicename>sport</wp:category_nicename><wp:category_parent></wp:category_parent><wp:cat_name><![CDATA[Sport]]></wp:cat_name></wp:category>
	<wp:category><wp:term_id>1</wp:term_id><wp:category_nicename>uncategorized</wp:category_nicename><wp:category_parent></wp:category_parent><wp:cat_name><![CDATA[Uncategorized]]></wp:cat_name></wp:category>
	<wp:tag><wp:term_id>14</wp:term_id><wp:tag_slug>audio</wp:tag_slug><wp:tag_name><![CDATA[Audio]]></wp:tag_name></wp:tag>
	<wp:tag><wp:term_id>2</wp:term_id><wp:tag_slug>business</wp:tag_slug><wp:tag_name><![CDATA[Business]]></wp:tag_name></wp:tag>
	<wp:tag><wp:term_id>16</wp:term_id><wp:tag_slug>development</wp:tag_slug><wp:tag_name><![CDATA[Development]]></wp:tag_name></wp:tag>
	<wp:tag><wp:term_id>7</wp:term_id><wp:tag_slug>opportunities</wp:tag_slug><wp:tag_name><![CDATA[Opportunities]]></wp:tag_name></wp:tag>
	<wp:tag><wp:term_id>10</wp:term_id><wp:tag_slug>sport</wp:tag_slug><wp:tag_name><![CDATA[Sport]]></wp:tag_name></wp:tag>
	<wp:tag><wp:term_id>4</wp:term_id><wp:tag_slug>stress</wp:tag_slug><wp:tag_name><![CDATA[Stress]]></wp:tag_name></wp:tag>
	<wp:tag><wp:term_id>15</wp:term_id><wp:tag_slug>swimming</wp:tag_slug><wp:tag_name><![CDATA[Swimming]]></wp:tag_name></wp:tag>
	<wp:tag><wp:term_id>13</wp:term_id><wp:tag_slug>video</wp:tag_slug><wp:tag_name><![CDATA[Video]]></wp:tag_name></wp:tag>
	<wp:tag><wp:term_id>9</wp:term_id><wp:tag_slug>web-design</wp:tag_slug><wp:tag_name><![CDATA[Web Design]]></wp:tag_name></wp:tag>
	<wp:term><wp:term_id>44</wp:term_id><wp:term_taxonomy>carousels_category</wp:term_taxonomy><wp:term_slug>about-long-carousel</wp:term_slug><wp:term_parent></wp:term_parent><wp:term_name><![CDATA[About Us Long Carousel]]></wp:term_name></wp:term>
	<wp:term><wp:term_id>45</wp:term_id><wp:term_taxonomy>slides_category</wp:term_taxonomy><wp:term_slug>about-us-slider</wp:term_slug><wp:term_parent></wp:term_parent><wp:term_name><![CDATA[About Us Slider]]></wp:term_name></wp:term>
	<wp:term><wp:term_id>52</wp:term_id><wp:term_taxonomy>product_tag</wp:term_taxonomy><wp:term_slug>accessories-2</wp:term_slug><wp:term_parent></wp:term_parent><wp:term_name><![CDATA[accessories]]></wp:term_name></wp:term>
	<wp:term><wp:term_id>17</wp:term_id><wp:term_taxonomy>portfolio_category</wp:term_taxonomy><wp:term_slug>art</wp:term_slug><wp:term_parent></wp:term_parent><wp:term_name><![CDATA[Art]]></wp:term_name></wp:term>
	<wp:term><wp:term_id>70</wp:term_id><wp:term_taxonomy>product_tag</wp:term_taxonomy><wp:term_slug>bags</wp:term_slug><wp:term_parent></wp:term_parent><wp:term_name><![CDATA[bags]]></wp:term_name></wp:term>
	<wp:term><wp:term_id>54</wp:term_id><wp:term_taxonomy>product_tag</wp:term_taxonomy><wp:term_slug>beauty-2</wp:term_slug><wp:term_parent></wp:term_parent><wp:term_name><![CDATA[beauty]]></wp:term_name></wp:term>
	<wp:term><wp:term_id>68</wp:term_id><wp:term_taxonomy>product_tag</wp:term_taxonomy><wp:term_slug>boots</wp:term_slug><wp:term_parent></wp:term_parent><wp:term_name><![CDATA[boots]]></wp:term_name></wp:term>
	<wp:term><wp:term_id>62</wp:term_id><wp:term_taxonomy>product_tag</wp:term_taxonomy><wp:term_slug>brightening</wp:term_slug><wp:term_parent></wp:term_parent><wp:term_name><![CDATA[brightening]]></wp:term_name></wp:term>
	<wp:term><wp:term_id>2</wp:term_id><wp:term_taxonomy>portfolio_category</wp:term_taxonomy><wp:term_slug>business</wp:term_slug><wp:term_parent></wp:term_parent><wp:term_name><![CDATA[Business]]></wp:term_name></wp:term>
	<wp:term><wp:term_id>30</wp:term_id><wp:term_taxonomy>shop_order_status</wp:term_taxonomy><wp:term_slug>cancelled</wp:term_slug><wp:term_parent></wp:term_parent><wp:term_name><![CDATA[cancelled]]></wp:term_name></wp:term>
	<wp:term><wp:term_id>60</wp:term_id><wp:term_taxonomy>product_tag</wp:term_taxonomy><wp:term_slug>casual-shoes</wp:term_slug><wp:term_parent></wp:term_parent><wp:term_name><![CDATA[casual shoes]]></wp:term_name></wp:term>
	<wp:term><wp:term_id>47</wp:term_id><wp:term_taxonomy>carousels_category</wp:term_taxonomy><wp:term_slug>clients-clean</wp:term_slug><wp:term_parent></wp:term_parent><wp:term_name><![CDATA[Clients Clean]]></wp:term_name></wp:term>
	<wp:term><wp:term_id>53</wp:term_id><wp:term_taxonomy>product_tag</wp:term_taxonomy><wp:term_slug>clothing-2</wp:term_slug><wp:term_parent></wp:term_parent><wp:term_name><![CDATA[clothing]]></wp:term_name></wp:term>
	<wp:term><wp:term_id>63</wp:term_id><wp:term_taxonomy>product_tag</wp:term_taxonomy><wp:term_slug>coat</wp:term_slug><wp:term_parent></wp:term_parent><wp:term_name><![CDATA[coat]]></wp:term_name></wp:term>
	<wp:term><wp:term_id>28</wp:term_id><wp:term_taxonomy>shop_order_status</wp:term_taxonomy><wp:term_slug>completed</wp:term_slug><wp:term_parent></wp:term_parent><wp:term_name><![CDATA[completed]]></wp:term_name></wp:term>
	<wp:term><wp:term_id>67</wp:term_id><wp:term_taxonomy>product_tag</wp:term_taxonomy><wp:term_slug>designer</wp:term_slug><wp:term_parent></wp:term_parent><wp:term_name><![CDATA[designer]]></wp:term_name></wp:term>
	<wp:term><wp:term_id>66</wp:term_id><wp:term_taxonomy>product_tag</wp:term_taxonomy><wp:term_slug>dress</wp:term_slug><wp:term_parent></wp:term_parent><wp:term_name><![CDATA[dress]]></wp:term_name></wp:term>
	<wp:term><wp:term_id>23</wp:term_id><wp:term_taxonomy>product_type</wp:term_taxonomy><wp:term_slug>external</wp:term_slug><wp:term_parent></wp:term_parent><wp:term_name><![CDATA[external]]></wp:term_name></wp:term>
	<wp:term><wp:term_id>55</wp:term_id><wp:term_taxonomy>product_tag</wp:term_taxonomy><wp:term_slug>eye-care</wp:term_slug><wp:term_parent></wp:term_parent><wp:term_name><![CDATA[eye care]]></wp:term_name></wp:term>
	<wp:term><wp:term_id>25</wp:term_id><wp:term_taxonomy>shop_order_status</wp:term_taxonomy><wp:term_slug>failed</wp:term_slug><wp:term_parent></wp:term_parent><wp:term_name><![CDATA[failed]]></wp:term_name></wp:term>
	<wp:term><wp:term_id>59</wp:term_id><wp:term_taxonomy>product_tag</wp:term_taxonomy><wp:term_slug>glass-set</wp:term_slug><wp:term_parent></wp:term_parent><wp:term_name><![CDATA[glass set]]></wp:term_name></wp:term>
	<wp:term><wp:term_id>21</wp:term_id><wp:term_taxonomy>product_type</wp:term_taxonomy><wp:term_slug>grouped</wp:term_slug><wp:term_parent></wp:term_parent><wp:term_name><![CDATA[grouped]]></wp:term_name></wp:term>
	<wp:term><wp:term_id>42</wp:term_id><wp:term_taxonomy>carousels_category</wp:term_taxonomy><wp:term_slug>home-carousel</wp:term_slug><wp:term_parent></wp:term_parent><wp:term_name><![CDATA[Home Carousel]]></wp:term_name></wp:term>
	<wp:term><wp:term_id>41</wp:term_id><wp:term_taxonomy>slides_category</wp:term_taxonomy><wp:term_slug>home-slider</wp:term_slug><wp:term_parent></wp:term_parent><wp:term_name><![CDATA[Home Slider]]></wp:term_name></wp:term>
	<wp:term><wp:term_id>46</wp:term_id><wp:term_taxonomy>slides_category</wp:term_taxonomy><wp:term_slug>home-slider-2</wp:term_slug><wp:term_parent></wp:term_parent><wp:term_name><![CDATA[Home Slider 2]]></wp:term_name></wp:term>
	<wp:term><wp:term_id>71</wp:term_id><wp:term_taxonomy>slides_category</wp:term_taxonomy><wp:term_slug>home-slider-video</wp:term_slug><wp:term_parent></wp:term_parent><wp:term_name><![CDATA[Home Slider Video]]></wp:term_name></wp:term>
	<wp:term><wp:term_id>64</wp:term_id><wp:term_taxonomy>product_tag</wp:term_taxonomy><wp:term_slug>jacket</wp:term_slug><wp:term_parent></wp:term_parent><wp:term_name><![CDATA[jacket]]></wp:term_name></wp:term>
	<wp:term><wp:term_id>58</wp:term_id><wp:term_taxonomy>product_tag</wp:term_taxonomy><wp:term_slug>jackets</wp:term_slug><wp:term_parent></wp:term_parent><wp:term_name><![CDATA[jackets]]></wp:term_name></wp:term>
	<wp:term><wp:term_id>33</wp:term_id><wp:term_taxonomy>product_tag</wp:term_taxonomy><wp:term_slug>mountain</wp:term_slug><wp:term_parent></wp:term_parent><wp:term_name><![CDATA[Mountain]]></wp:term_name></wp:term>
	<wp:term><wp:term_id>26</wp:term_id><wp:term_taxonomy>shop_order_status</wp:term_taxonomy><wp:term_slug>on-hold</wp:term_slug><wp:term_parent></wp:term_parent><wp:term_name><![CDATA[on-hold]]></wp:term_name></wp:term>
	<wp:term><wp:term_id>69</wp:term_id><wp:term_taxonomy>product_tag</wp:term_taxonomy><wp:term_slug>pants</wp:term_slug><wp:term_parent></wp:term_parent><wp:term_name><![CDATA[pants]]></wp:term_name></wp:term>
	<wp:term><wp:term_id>24</wp:term_id><wp:term_taxonomy>shop_order_status</wp:term_taxonomy><wp:term_slug>pending</wp:term_slug><wp:term_parent></wp:term_parent><wp:term_name><![CDATA[pending]]></wp:term_name></wp:term>
	<wp:term><wp:term_id>5</wp:term_id><wp:term_taxonomy>portfolio_category</wp:term_taxonomy><wp:term_slug>photography</wp:term_slug><wp:term_parent></wp:term_parent><wp:term_name><![CDATA[Photography]]></wp:term_name></wp:term>
	<wp:term><wp:term_id>27</wp:term_id><wp:term_taxonomy>shop_order_status</wp:term_taxonomy><wp:term_slug>processing</wp:term_slug><wp:term_parent></wp:term_parent><wp:term_name><![CDATA[processing]]></wp:term_name></wp:term>
	<wp:term><wp:term_id>29</wp:term_id><wp:term_taxonomy>shop_order_status</wp:term_taxonomy><wp:term_slug>refunded</wp:term_slug><wp:term_parent></wp:term_parent><wp:term_name><![CDATA[refunded]]></wp:term_name></wp:term>
	<wp:term><wp:term_id>34</wp:term_id><wp:term_taxonomy>product_tag</wp:term_taxonomy><wp:term_slug>running</wp:term_slug><wp:term_parent></wp:term_parent><wp:term_name><![CDATA[Running]]></wp:term_name></wp:term>
	<wp:term><wp:term_id>36</wp:term_id><wp:term_taxonomy>product_tag</wp:term_taxonomy><wp:term_slug>shirt</wp:term_slug><wp:term_parent></wp:term_parent><wp:term_name><![CDATA[Shirt]]></wp:term_name></wp:term>
	<wp:term><wp:term_id>35</wp:term_id><wp:term_taxonomy>product_tag</wp:term_taxonomy><wp:term_slug>shoes</wp:term_slug><wp:term_parent></wp:term_parent><wp:term_name><![CDATA[Shoes]]></wp:term_name></wp:term>
	<wp:term><wp:term_id>20</wp:term_id><wp:term_taxonomy>product_type</wp:term_taxonomy><wp:term_slug>simple</wp:term_slug><wp:term_parent></wp:term_parent><wp:term_name><![CDATA[simple]]></wp:term_name></wp:term>
	<wp:term><wp:term_id>32</wp:term_id><wp:term_taxonomy>product_tag</wp:term_taxonomy><wp:term_slug>ski</wp:term_slug><wp:term_parent></wp:term_parent><wp:term_name><![CDATA[Ski]]></wp:term_name></wp:term>
	<wp:term><wp:term_id>31</wp:term_id><wp:term_taxonomy>product_cat</wp:term_taxonomy><wp:term_slug>skiing</wp:term_slug><wp:term_parent></wp:term_parent><wp:term_name><![CDATA[Skiing]]></wp:term_name></wp:term>
	<wp:term><wp:term_id>61</wp:term_id><wp:term_taxonomy>product_tag</wp:term_taxonomy><wp:term_slug>skin-care</wp:term_slug><wp:term_parent></wp:term_parent><wp:term_name><![CDATA[skin care]]></wp:term_name></wp:term>
	<wp:term><wp:term_id>65</wp:term_id><wp:term_taxonomy>product_tag</wp:term_taxonomy><wp:term_slug>sport-shoes</wp:term_slug><wp:term_parent></wp:term_parent><wp:term_name><![CDATA[sport shoes]]></wp:term_name></wp:term>
	<wp:term><wp:term_id>56</wp:term_id><wp:term_taxonomy>product_tag</wp:term_taxonomy><wp:term_slug>ties</wp:term_slug><wp:term_parent></wp:term_parent><wp:term_name><![CDATA[ties]]></wp:term_name></wp:term>
	<wp:term><wp:term_id>22</wp:term_id><wp:term_taxonomy>product_type</wp:term_taxonomy><wp:term_slug>variable</wp:term_slug><wp:term_parent></wp:term_parent><wp:term_name><![CDATA[variable]]></wp:term_name></wp:term>
	<wp:term><wp:term_id>57</wp:term_id><wp:term_taxonomy>product_tag</wp:term_taxonomy><wp:term_slug>watches</wp:term_slug><wp:term_parent></wp:term_parent><wp:term_name><![CDATA[watches]]></wp:term_name></wp:term>
	<wp:term><wp:term_id>37</wp:term_id><wp:term_taxonomy>product_tag</wp:term_taxonomy><wp:term_slug>workout</wp:term_slug><wp:term_parent></wp:term_parent><wp:term_name><![CDATA[Workout]]></wp:term_name></wp:term>
	<wp:term><wp:term_id>49</wp:term_id><wp:term_taxonomy>product_cat</wp:term_taxonomy><wp:term_slug>accessories</wp:term_slug><wp:term_parent></wp:term_parent><wp:term_name><![CDATA[Accessories]]></wp:term_name></wp:term>
	<wp:term><wp:term_id>50</wp:term_id><wp:term_taxonomy>product_cat</wp:term_taxonomy><wp:term_slug>beauty</wp:term_slug><wp:term_parent></wp:term_parent><wp:term_name><![CDATA[Beauty]]></wp:term_name></wp:term>
	<wp:term><wp:term_id>48</wp:term_id><wp:term_taxonomy>product_cat</wp:term_taxonomy><wp:term_slug>clothing</wp:term_slug><wp:term_parent></wp:term_parent><wp:term_name><![CDATA[Clothing]]></wp:term_name></wp:term>
	<wp:term><wp:term_id>51</wp:term_id><wp:term_taxonomy>product_cat</wp:term_taxonomy><wp:term_slug>home</wp:term_slug><wp:term_parent></wp:term_parent><wp:term_name><![CDATA[Home]]></wp:term_name></wp:term>
	<wp:term><wp:term_id>18</wp:term_id><wp:term_taxonomy>nav_menu</wp:term_taxonomy><wp:term_slug>top_menu</wp:term_slug><wp:term_name><![CDATA[top_menu]]></wp:term_name></wp:term>
	<wp:term><wp:term_id>19</wp:term_id><wp:term_taxonomy>nav_menu</wp:term_taxonomy><wp:term_slug>footer_menu</wp:term_slug><wp:term_name><![CDATA[footer_menu]]></wp:term_name></wp:term>

	<generator>http://wordpress.org/?v=3.7.1</generator>

	
	<item>
				<title>b-inspired-by-italian-lifestyle</title>
		<link>http://demo.qodeinteractive.com/elision/inspired-by-italian-lifestyle/b-inspired-by-italian-lifestyle/</link>
		<pubDate>Tue, 29 Oct 2013 10:12:07 +0000</pubDate>
		<dc:creator><![CDATA[admin]]></dc:creator>
		<guid isPermaLink="false">http://demo.qodeinteractive.com/elision/wp-content/uploads/2013/10/b-inspired-by-italian-lifestyle.jpg</guid>
		<description></description>
		<content:encoded><![CDATA[]]></content:encoded>
		<excerpt:encoded><![CDATA[]]></excerpt:encoded>
		<wp:post_id>2811</wp:post_id>
		<wp:post_date>2013-10-29 10:12:07</wp:post_date>
		<wp:post_date_gmt>2013-10-29 10:12:07</wp:post_date_gmt>
		<wp:comment_status>open</wp:comment_status>
		<wp:ping_status>open</wp:ping_status>
		<wp:post_name>b-inspired-by-italian-lifestyle</wp:post_name>
		<wp:status>inherit</wp:status>
		<wp:post_parent>36</wp:post_parent>
		<wp:menu_order>0</wp:menu_order>
		<wp:post_type>attachment</wp:post_type>
		<wp:post_password></wp:post_password>
		<wp:is_sticky>0</wp:is_sticky>
		<wp:attachment_url>http://demo.qodeinteractive.com/elision/wp-content/uploads/2013/10/b-inspired-by-italian-lifestyle.jpg</wp:attachment_url>
		<wp:postmeta>
			<wp:meta_key>_wp_attached_file</wp:meta_key>
			<wp:meta_value><![CDATA[2013/10/b-inspired-by-italian-lifestyle.jpg]]></wp:meta_value>
		</wp:postmeta>
		<wp:postmeta>
			<wp:meta_key>_wp_attachment_metadata</wp:meta_key>
			<wp:meta_value><![CDATA[a:5:{s:5:"width";i:1200;s:6:"height";i:675;s:4:"file";s:43:"2013/10/b-inspired-by-italian-lifestyle.jpg";s:5:"sizes";a:10:{s:9:"thumbnail";a:4:{s:4:"file";s:43:"b-inspired-by-italian-lifestyle-150x150.jpg";s:5:"width";i:150;s:6:"height";i:150;s:9:"mime-type";s:10:"image/jpeg";}s:6:"medium";a:4:{s:4:"file";s:43:"b-inspired-by-italian-lifestyle-300x168.jpg";s:5:"width";i:300;s:6:"height";i:168;s:9:"mime-type";s:10:"image/jpeg";}s:5:"large";a:4:{s:4:"file";s:44:"b-inspired-by-italian-lifestyle-1024x576.jpg";s:5:"width";i:1024;s:6:"height";i:576;s:9:"mime-type";s:10:"image/jpeg";}s:16:"portfolio-square";a:4:{s:4:"file";s:43:"b-inspired-by-italian-lifestyle-520x520.jpg";s:5:"width";i:520;s:6:"height";i:520;s:9:"mime-type";s:10:"image/jpeg";}s:18:"menu-featured-post";a:4:{s:4:"file";s:43:"b-inspired-by-italian-lifestyle-345x198.jpg";s:5:"width";i:345;s:6:"height";i:198;s:9:"mime-type";s:10:"image/jpeg";}s:20:"qode-carousel_slider";a:4:{s:4:"file";s:43:"b-inspired-by-italian-lifestyle-400x260.jpg";s:5:"width";i:400;s:6:"height";i:260;s:9:"mime-type";s:10:"image/jpeg";}s:16:"portfolio_slider";a:4:{s:4:"file";s:43:"b-inspired-by-italian-lifestyle-480x320.jpg";s:5:"width";i:480;s:6:"height";i:320;s:9:"mime-type";s:10:"image/jpeg";}s:14:"shop_thumbnail";a:4:{s:4:"file";s:42:"b-inspired-by-italian-lifestyle-137x77.jpg";s:5:"width";i:137;s:6:"height";i:77;s:9:"mime-type";s:10:"image/jpeg";}s:12:"shop_catalog";a:4:{s:4:"file";s:43:"b-inspired-by-italian-lifestyle-250x140.jpg";s:5:"width";i:250;s:6:"height";i:140;s:9:"mime-type";s:10:"image/jpeg";}s:11:"shop_single";a:4:{s:4:"file";s:43:"b-inspired-by-italian-lifestyle-520x292.jpg";s:5:"width";i:520;s:6:"height";i:292;s:9:"mime-type";s:10:"image/jpeg";}}s:10:"image_meta";a:10:{s:8:"aperture";i:0;s:6:"credit";s:0:"";s:6:"camera";s:0:"";s:7:"caption";s:0:"";s:17:"created_timestamp";i:0;s:9:"copyright";s:0:"";s:12:"focal_length";i:0;s:3:"iso";i:0;s:13:"shutter_speed";i:0;s:5:"title";s:0:"";}}]]></wp:meta_value>
		</wp:postmeta>
		<wp:postmeta>
			<wp:meta_key>_qode-like</wp:meta_key>
			<wp:meta_value><![CDATA[0]]></wp:meta_value>
		</wp:postmeta>
	</item>

	<item>
				<title>b-josh-woodward-already-there</title>
		<link>http://demo.qodeinteractive.com/elision/josh-woodward-already-there/b-josh-woodward-already-there/</link>
		<pubDate>Tue, 29 Oct 2013 10:12:53 +0000</pubDate>
		<dc:creator><![CDATA[admin]]></dc:creator>
		<guid isPermaLink="false">http://demo.qodeinteractive.com/elision/wp-content/uploads/2013/10/b-josh-woodward-already-there.jpg</guid>
		<description></description>
		<content:encoded><![CDATA[]]></content:encoded>
		<excerpt:encoded><![CDATA[]]></excerpt:encoded>
		<wp:post_id>2812</wp:post_id>
		<wp:post_date>2013-10-29 10:12:53</wp:post_date>
		<wp:post_date_gmt>2013-10-29 10:12:53</wp:post_date_gmt>
		<wp:comment_status>open</wp:comment_status>
		<wp:ping_status>open</wp:ping_status>
		<wp:post_name>b-josh-woodward-already-there</wp:post_name>
		<wp:status>inherit</wp:status>
		<wp:post_parent>33</wp:post_parent>
		<wp:menu_order>0</wp:menu_order>
		<wp:post_type>attachment</wp:post_type>
		<wp:post_password></wp:post_password>
		<wp:is_sticky>0</wp:is_sticky>
		<wp:attachment_url>http://demo.qodeinteractive.com/elision/wp-content/uploads/2013/10/b-josh-woodward-already-there.jpg</wp:attachment_url>
		<wp:postmeta>
			<wp:meta_key>_wp_attached_file</wp:meta_key>
			<wp:meta_value><![CDATA[2013/10/b-josh-woodward-already-there.jpg]]></wp:meta_value>
		</wp:postmeta>
		<wp:postmeta>
			<wp:meta_key>_wp_attachment_metadata</wp:meta_key>
			<wp:meta_value><![CDATA[a:5:{s:5:"width";i:1200;s:6:"height";i:675;s:4:"file";s:41:"2013/10/b-josh-woodward-already-there.jpg";s:5:"sizes";a:10:{s:9:"thumbnail";a:4:{s:4:"file";s:41:"b-josh-woodward-already-there-150x150.jpg";s:5:"width";i:150;s:6:"height";i:150;s:9:"mime-type";s:10:"image/jpeg";}s:6:"medium";a:4:{s:4:"file";s:41:"b-josh-woodward-already-there-300x168.jpg";s:5:"width";i:300;s:6:"height";i:168;s:9:"mime-type";s:10:"image/jpeg";}s:5:"large";a:4:{s:4:"file";s:42:"b-josh-woodward-already-there-1024x576.jpg";s:5:"width";i:1024;s:6:"height";i:576;s:9:"mime-type";s:10:"image/jpeg";}s:16:"portfolio-square";a:4:{s:4:"file";s:41:"b-josh-woodward-already-there-520x520.jpg";s:5:"width";i:520;s:6:"height";i:520;s:9:"mime-type";s:10:"image/jpeg";}s:18:"menu-featured-post";a:4:{s:4:"file";s:41:"b-josh-woodward-already-there-345x198.jpg";s:5:"width";i:345;s:6:"height";i:198;s:9:"mime-type";s:10:"image/jpeg";}s:20:"qode-carousel_slider";a:4:{s:4:"file";s:41:"b-josh-woodward-already-there-400x260.jpg";s:5:"width";i:400;s:6:"height";i:260;s:9:"mime-type";s:10:"image/jpeg";}s:16:"portfolio_slider";a:4:{s:4:"file";s:41:"b-josh-woodward-already-there-480x320.jpg";s:5:"width";i:480;s:6:"height";i:320;s:9:"mime-type";s:10:"image/jpeg";}s:14:"shop_thumbnail";a:4:{s:4:"file";s:40:"b-josh-woodward-already-there-137x77.jpg";s:5:"width";i:137;s:6:"height";i:77;s:9:"mime-type";s:10:"image/jpeg";}s:12:"shop_catalog";a:4:{s:4:"file";s:41:"b-josh-woodward-already-there-250x140.jpg";s:5:"width";i:250;s:6:"height";i:140;s:9:"mime-type";s:10:"image/jpeg";}s:11:"shop_single";a:4:{s:4:"file";s:41:"b-josh-woodward-already-there-520x292.jpg";s:5:"width";i:520;s:6:"height";i:292;s:9:"mime-type";s:10:"image/jpeg";}}s:10:"image_meta";a:10:{s:8:"aperture";i:0;s:6:"credit";s:0:"";s:6:"camera";s:0:"";s:7:"caption";s:0:"";s:17:"created_timestamp";i:0;s:9:"copyright";s:0:"";s:12:"focal_length";i:0;s:3:"iso";i:0;s:13:"shutter_speed";i:0;s:5:"title";s:0:"";}}]]></wp:meta_value>
		</wp:postmeta>
	</item>

	<item>
				<title>b-portugal-2013-road-trip-gallery</title>
		<link>http://demo.qodeinteractive.com/elision/portugal-2013-road-trip-gallery/b-portugal-2013-road-trip-gallery/</link>
		<pubDate>Tue, 29 Oct 2013 10:13:44 +0000</pubDate>
		<dc:creator><![CDATA[admin]]></dc:creator>
		<guid isPermaLink="false">http://demo.qodeinteractive.com/elision/wp-content/uploads/2013/10/b-portugal-2013-road-trip-gallery.jpg</guid>
		<description></description>
		<content:encoded><![CDATA[]]></content:encoded>
		<excerpt:encoded><![CDATA[]]></excerpt:encoded>
		<wp:post_id>2813</wp:post_id>
		<wp:post_date>2013-10-29 10:13:44</wp:post_date>
		<wp:post_date_gmt>2013-10-29 10:13:44</wp:post_date_gmt>
		<wp:comment_status>open</wp:comment_status>
		<wp:ping_status>open</wp:ping_status>
		<wp:post_name>b-portugal-2013-road-trip-gallery</wp:post_name>
		<wp:status>inherit</wp:status>
		<wp:post_parent>29</wp:post_parent>
		<wp:menu_order>0</wp:menu_order>
		<wp:post_type>attachment</wp:post_type>
		<wp:post_password></wp:post_password>
		<wp:is_sticky>0</wp:is_sticky>
		<wp:attachment_url>http://demo.qodeinteractive.com/elision/wp-content/uploads/2013/10/b-portugal-2013-road-trip-gallery.jpg</wp:attachment_url>
		<wp:postmeta>
			<wp:meta_key>_wp_attached_file</wp:meta_key>
			<wp:meta_value><![CDATA[2013/10/b-portugal-2013-road-trip-gallery.jpg]]></wp:meta_value>
		</wp:postmeta>
		<wp:postmeta>
			<wp:meta_key>_wp_attachment_metadata</wp:meta_key>
			<wp:meta_value><![CDATA[a:5:{s:5:"width";i:1100;s:6:"height";i:619;s:4:"file";s:45:"2013/10/b-portugal-2013-road-trip-gallery.jpg";s:5:"sizes";a:10:{s:9:"thumbnail";a:4:{s:4:"file";s:45:"b-portugal-2013-road-trip-gallery-150x150.jpg";s:5:"width";i:150;s:6:"height";i:150;s:9:"mime-type";s:10:"image/jpeg";}s:6:"medium";a:4:{s:4:"file";s:45:"b-portugal-2013-road-trip-gallery-300x168.jpg";s:5:"width";i:300;s:6:"height";i:168;s:9:"mime-type";s:10:"image/jpeg";}s:5:"large";a:4:{s:4:"file";s:46:"b-portugal-2013-road-trip-gallery-1024x576.jpg";s:5:"width";i:1024;s:6:"height";i:576;s:9:"mime-type";s:10:"image/jpeg";}s:16:"portfolio-square";a:4:{s:4:"file";s:45:"b-portugal-2013-road-trip-gallery-520x520.jpg";s:5:"width";i:520;s:6:"height";i:520;s:9:"mime-type";s:10:"image/jpeg";}s:18:"menu-featured-post";a:4:{s:4:"file";s:45:"b-portugal-2013-road-trip-gallery-345x198.jpg";s:5:"width";i:345;s:6:"height";i:198;s:9:"mime-type";s:10:"image/jpeg";}s:20:"qode-carousel_slider";a:4:{s:4:"file";s:45:"b-portugal-2013-road-trip-gallery-400x260.jpg";s:5:"width";i:400;s:6:"height";i:260;s:9:"mime-type";s:10:"image/jpeg";}s:16:"portfolio_slider";a:4:{s:4:"file";s:45:"b-portugal-2013-road-trip-gallery-480x320.jpg";s:5:"width";i:480;s:6:"height";i:320;s:9:"mime-type";s:10:"image/jpeg";}s:14:"shop_thumbnail";a:4:{s:4:"file";s:44:"b-portugal-2013-road-trip-gallery-137x77.jpg";s:5:"width";i:137;s:6:"height";i:77;s:9:"mime-type";s:10:"image/jpeg";}s:12:"shop_catalog";a:4:{s:4:"file";s:45:"b-portugal-2013-road-trip-gallery-250x140.jpg";s:5:"width";i:250;s:6:"height";i:140;s:9:"mime-type";s:10:"image/jpeg";}s:11:"shop_single";a:4:{s:4:"file";s:45:"b-portugal-2013-road-trip-gallery-520x292.jpg";s:5:"width";i:520;s:6:"height";i:292;s:9:"mime-type";s:10:"image/jpeg";}}s:10:"image_meta";a:10:{s:8:"aperture";i:0;s:6:"credit";s:0:"";s:6:"camera";s:0:"";s:7:"caption";s:0:"";s:17:"created_timestamp";i:0;s:9:"copyright";s:0:"";s:12:"focal_length";i:0;s:3:"iso";i:0;s:13:"shutter_speed";i:0;s:5:"title";s:0:"";}}]]></wp:meta_value>
		</wp:postmeta>
	</item>

	<item>
				<title>b-portugal-2013-road-trip-gallery-01</title>
		<link>http://demo.qodeinteractive.com/elision/portugal-2013-road-trip-gallery/b-portugal-2013-road-trip-gallery-01/</link>
		<pubDate>Tue, 29 Oct 2013 10:14:12 +0000</pubDate>
		<dc:creator><![CDATA[admin]]></dc:creator>
		<guid isPermaLink="false">http://demo.qodeinteractive.com/elision/wp-content/uploads/2013/10/b-portugal-2013-road-trip-gallery-01.jpg</guid>
		<description></description>
		<content:encoded><![CDATA[]]></content:encoded>
		<excerpt:encoded><![CDATA[]]></excerpt:encoded>
		<wp:post_id>2814</wp:post_id>
		<wp:post_date>2013-10-29 10:14:12</wp:post_date>
		<wp:post_date_gmt>2013-10-29 10:14:12</wp:post_date_gmt>
		<wp:comment_status>open</wp:comment_status>
		<wp:ping_status>open</wp:ping_status>
		<wp:post_name>b-portugal-2013-road-trip-gallery-01</wp:post_name>
		<wp:status>inherit</wp:status>
		<wp:post_parent>29</wp:post_parent>
		<wp:menu_order>0</wp:menu_order>
		<wp:post_type>attachment</wp:post_type>
		<wp:post_password></wp:post_password>
		<wp:is_sticky>0</wp:is_sticky>
		<wp:attachment_url>http://demo.qodeinteractive.com/elision/wp-content/uploads/2013/10/b-portugal-2013-road-trip-gallery-01.jpg</wp:attachment_url>
		<wp:postmeta>
			<wp:meta_key>_wp_attached_file</wp:meta_key>
			<wp:meta_value><![CDATA[2013/10/b-portugal-2013-road-trip-gallery-01.jpg]]></wp:meta_value>
		</wp:postmeta>
		<wp:postmeta>
			<wp:meta_key>_wp_attachment_metadata</wp:meta_key>
			<wp:meta_value><![CDATA[a:5:{s:5:"width";i:1200;s:6:"height";i:675;s:4:"file";s:48:"2013/10/b-portugal-2013-road-trip-gallery-01.jpg";s:5:"sizes";a:10:{s:9:"thumbnail";a:4:{s:4:"file";s:48:"b-portugal-2013-road-trip-gallery-01-150x150.jpg";s:5:"width";i:150;s:6:"height";i:150;s:9:"mime-type";s:10:"image/jpeg";}s:6:"medium";a:4:{s:4:"file";s:48:"b-portugal-2013-road-trip-gallery-01-300x168.jpg";s:5:"width";i:300;s:6:"height";i:168;s:9:"mime-type";s:10:"image/jpeg";}s:5:"large";a:4:{s:4:"file";s:49:"b-portugal-2013-road-trip-gallery-01-1024x576.jpg";s:5:"width";i:1024;s:6:"height";i:576;s:9:"mime-type";s:10:"image/jpeg";}s:16:"portfolio-square";a:4:{s:4:"file";s:48:"b-portugal-2013-road-trip-gallery-01-520x520.jpg";s:5:"width";i:520;s:6:"height";i:520;s:9:"mime-type";s:10:"image/jpeg";}s:18:"menu-featured-post";a:4:{s:4:"file";s:48:"b-portugal-2013-road-trip-gallery-01-345x198.jpg";s:5:"width";i:345;s:6:"height";i:198;s:9:"mime-type";s:10:"image/jpeg";}s:20:"qode-carousel_slider";a:4:{s:4:"file";s:48:"b-portugal-2013-road-trip-gallery-01-400x260.jpg";s:5:"width";i:400;s:6:"height";i:260;s:9:"mime-type";s:10:"image/jpeg";}s:16:"portfolio_slider";a:4:{s:4:"file";s:48:"b-portugal-2013-road-trip-gallery-01-480x320.jpg";s:5:"width";i:480;s:6:"height";i:320;s:9:"mime-type";s:10:"image/jpeg";}s:14:"shop_thumbnail";a:4:{s:4:"file";s:47:"b-portugal-2013-road-trip-gallery-01-137x77.jpg";s:5:"width";i:137;s:6:"height";i:77;s:9:"mime-type";s:10:"image/jpeg";}s:12:"shop_catalog";a:4:{s:4:"file";s:48:"b-portugal-2013-road-trip-gallery-01-250x140.jpg";s:5:"width";i:250;s:6:"height";i:140;s:9:"mime-type";s:10:"image/jpeg";}s:11:"shop_single";a:4:{s:4:"file";s:48:"b-portugal-2013-road-trip-gallery-01-520x292.jpg";s:5:"width";i:520;s:6:"height";i:292;s:9:"mime-type";s:10:"image/jpeg";}}s:10:"image_meta";a:10:{s:8:"aperture";i:0;s:6:"credit";s:0:"";s:6:"camera";s:0:"";s:7:"caption";s:0:"";s:17:"created_timestamp";i:0;s:9:"copyright";s:0:"";s:12:"focal_length";i:0;s:3:"iso";i:0;s:13:"shutter_speed";i:0;s:5:"title";s:0:"";}}]]></wp:meta_value>
		</wp:postmeta>
		<wp:postmeta>
			<wp:meta_key>_qode-like</wp:meta_key>
			<wp:meta_value><![CDATA[0]]></wp:meta_value>
		</wp:postmeta>
	</item>

	<item>
				<title>b-portugal-2013-road-trip-gallery-02</title>
		<link>http://demo.qodeinteractive.com/elision/portugal-2013-road-trip-gallery/b-portugal-2013-road-trip-gallery-02/</link>
		<pubDate>Tue, 29 Oct 2013 10:14:13 +0000</pubDate>
		<dc:creator><![CDATA[admin]]></dc:creator>
		<guid isPermaLink="false">http://demo.qodeinteractive.com/elision/wp-content/uploads/2013/10/b-portugal-2013-road-trip-gallery-02.jpg</guid>
		<description></description>
		<content:encoded><![CDATA[]]></content:encoded>
		<excerpt:encoded><![CDATA[]]></excerpt:encoded>
		<wp:post_id>2815</wp:post_id>
		<wp:post_date>2013-10-29 10:14:13</wp:post_date>
		<wp:post_date_gmt>2013-10-29 10:14:13</wp:post_date_gmt>
		<wp:comment_status>open</wp:comment_status>
		<wp:ping_status>open</wp:ping_status>
		<wp:post_name>b-portugal-2013-road-trip-gallery-02</wp:post_name>
		<wp:status>inherit</wp:status>
		<wp:post_parent>29</wp:post_parent>
		<wp:menu_order>0</wp:menu_order>
		<wp:post_type>attachment</wp:post_type>
		<wp:post_password></wp:post_password>
		<wp:is_sticky>0</wp:is_sticky>
		<wp:attachment_url>http://demo.qodeinteractive.com/elision/wp-content/uploads/2013/10/b-portugal-2013-road-trip-gallery-02.jpg</wp:attachment_url>
		<wp:postmeta>
			<wp:meta_key>_wp_attached_file</wp:meta_key>
			<wp:meta_value><![CDATA[2013/10/b-portugal-2013-road-trip-gallery-02.jpg]]></wp:meta_value>
		</wp:postmeta>
		<wp:postmeta>
			<wp:meta_key>_wp_attachment_metadata</wp:meta_key>
			<wp:meta_value><![CDATA[a:5:{s:5:"width";i:1200;s:6:"height";i:675;s:4:"file";s:48:"2013/10/b-portugal-2013-road-trip-gallery-02.jpg";s:5:"sizes";a:10:{s:9:"thumbnail";a:4:{s:4:"file";s:48:"b-portugal-2013-road-trip-gallery-02-150x150.jpg";s:5:"width";i:150;s:6:"height";i:150;s:9:"mime-type";s:10:"image/jpeg";}s:6:"medium";a:4:{s:4:"file";s:48:"b-portugal-2013-road-trip-gallery-02-300x168.jpg";s:5:"width";i:300;s:6:"height";i:168;s:9:"mime-type";s:10:"image/jpeg";}s:5:"large";a:4:{s:4:"file";s:49:"b-portugal-2013-road-trip-gallery-02-1024x576.jpg";s:5:"width";i:1024;s:6:"height";i:576;s:9:"mime-type";s:10:"image/jpeg";}s:16:"portfolio-square";a:4:{s:4:"file";s:48:"b-portugal-2013-road-trip-gallery-02-520x520.jpg";s:5:"width";i:520;s:6:"height";i:520;s:9:"mime-type";s:10:"image/jpeg";}s:18:"menu-featured-post";a:4:{s:4:"file";s:48:"b-portugal-2013-road-trip-gallery-02-345x198.jpg";s:5:"width";i:345;s:6:"height";i:198;s:9:"mime-type";s:10:"image/jpeg";}s:20:"qode-carousel_slider";a:4:{s:4:"file";s:48:"b-portugal-2013-road-trip-gallery-02-400x260.jpg";s:5:"width";i:400;s:6:"height";i:260;s:9:"mime-type";s:10:"image/jpeg";}s:16:"portfolio_slider";a:4:{s:4:"file";s:48:"b-portugal-2013-road-trip-gallery-02-480x320.jpg";s:5:"width";i:480;s:6:"height";i:320;s:9:"mime-type";s:10:"image/jpeg";}s:14:"shop_thumbnail";a:4:{s:4:"file";s:47:"b-portugal-2013-road-trip-gallery-02-137x77.jpg";s:5:"width";i:137;s:6:"height";i:77;s:9:"mime-type";s:10:"image/jpeg";}s:12:"shop_catalog";a:4:{s:4:"file";s:48:"b-portugal-2013-road-trip-gallery-02-250x140.jpg";s:5:"width";i:250;s:6:"height";i:140;s:9:"mime-type";s:10:"image/jpeg";}s:11:"shop_single";a:4:{s:4:"file";s:48:"b-portugal-2013-road-trip-gallery-02-520x292.jpg";s:5:"width";i:520;s:6:"height";i:292;s:9:"mime-type";s:10:"image/jpeg";}}s:10:"image_meta";a:10:{s:8:"aperture";i:0;s:6:"credit";s:0:"";s:6:"camera";s:0:"";s:7:"caption";s:0:"";s:17:"created_timestamp";i:0;s:9:"copyright";s:0:"";s:12:"focal_length";i:0;s:3:"iso";i:0;s:13:"shutter_speed";i:0;s:5:"title";s:0:"";}}]]></wp:meta_value>
		</wp:postmeta>
		<wp:postmeta>
			<wp:meta_key>_qode-like</wp:meta_key>
			<wp:meta_value><![CDATA[0]]></wp:meta_value>
		</wp:postmeta>
	</item>

	<item>
				<title>b-recent-trends-in-storytelling</title>
		<link>http://demo.qodeinteractive.com/elision/recent-trends-in-storytelling/b-recent-trends-in-storytelling/</link>
		<pubDate>Tue, 29 Oct 2013 10:15:00 +0000</pubDate>
		<dc:creator><![CDATA[admin]]></dc:creator>
		<guid isPermaLink="false">http://demo.qodeinteractive.com/elision/wp-content/uploads/2013/10/b-recent-trends-in-storytelling.jpg</guid>
		<description></description>
		<content:encoded><![CDATA[]]></content:encoded>
		<excerpt:encoded><![CDATA[]]></excerpt:encoded>
		<wp:post_id>2817</wp:post_id>
		<wp:post_date>2013-10-29 10:15:00</wp:post_date>
		<wp:post_date_gmt>2013-10-29 10:15:00</wp:post_date_gmt>
		<wp:comment_status>open</wp:comment_status>
		<wp:ping_status>open</wp:ping_status>
		<wp:post_name>b-recent-trends-in-storytelling</wp:post_name>
		<wp:status>inherit</wp:status>
		<wp:post_parent>26</wp:post_parent>
		<wp:menu_order>0</wp:menu_order>
		<wp:post_type>attachment</wp:post_type>
		<wp:post_password></wp:post_password>
		<wp:is_sticky>0</wp:is_sticky>
		<wp:attachment_url>http://demo.qodeinteractive.com/elision/wp-content/uploads/2013/10/b-recent-trends-in-storytelling.jpg</wp:attachment_url>
		<wp:postmeta>
			<wp:meta_key>_wp_attached_file</wp:meta_key>
			<wp:meta_value><![CDATA[2013/10/b-recent-trends-in-storytelling.jpg]]></wp:meta_value>
		</wp:postmeta>
		<wp:postmeta>
			<wp:meta_key>_wp_attachment_metadata</wp:meta_key>
			<wp:meta_value><![CDATA[a:5:{s:5:"width";i:1200;s:6:"height";i:675;s:4:"file";s:43:"2013/10/b-recent-trends-in-storytelling.jpg";s:5:"sizes";a:10:{s:9:"thumbnail";a:4:{s:4:"file";s:43:"b-recent-trends-in-storytelling-150x150.jpg";s:5:"width";i:150;s:6:"height";i:150;s:9:"mime-type";s:10:"image/jpeg";}s:6:"medium";a:4:{s:4:"file";s:43:"b-recent-trends-in-storytelling-300x168.jpg";s:5:"width";i:300;s:6:"height";i:168;s:9:"mime-type";s:10:"image/jpeg";}s:5:"large";a:4:{s:4:"file";s:44:"b-recent-trends-in-storytelling-1024x576.jpg";s:5:"width";i:1024;s:6:"height";i:576;s:9:"mime-type";s:10:"image/jpeg";}s:16:"portfolio-square";a:4:{s:4:"file";s:43:"b-recent-trends-in-storytelling-520x520.jpg";s:5:"width";i:520;s:6:"height";i:520;s:9:"mime-type";s:10:"image/jpeg";}s:18:"menu-featured-post";a:4:{s:4:"file";s:43:"b-recent-trends-in-storytelling-345x198.jpg";s:5:"width";i:345;s:6:"height";i:198;s:9:"mime-type";s:10:"image/jpeg";}s:20:"qode-carousel_slider";a:4:{s:4:"file";s:43:"b-recent-trends-in-storytelling-400x260.jpg";s:5:"width";i:400;s:6:"height";i:260;s:9:"mime-type";s:10:"image/jpeg";}s:16:"portfolio_slider";a:4:{s:4:"file";s:43:"b-recent-trends-in-storytelling-480x320.jpg";s:5:"width";i:480;s:6:"height";i:320;s:9:"mime-type";s:10:"image/jpeg";}s:14:"shop_thumbnail";a:4:{s:4:"file";s:42:"b-recent-trends-in-storytelling-137x77.jpg";s:5:"width";i:137;s:6:"height";i:77;s:9:"mime-type";s:10:"image/jpeg";}s:12:"shop_catalog";a:4:{s:4:"file";s:43:"b-recent-trends-in-storytelling-250x140.jpg";s:5:"width";i:250;s:6:"height";i:140;s:9:"mime-type";s:10:"image/jpeg";}s:11:"shop_single";a:4:{s:4:"file";s:43:"b-recent-trends-in-storytelling-520x292.jpg";s:5:"width";i:520;s:6:"height";i:292;s:9:"mime-type";s:10:"image/jpeg";}}s:10:"image_meta";a:10:{s:8:"aperture";i:0;s:6:"credit";s:0:"";s:6:"camera";s:0:"";s:7:"caption";s:0:"";s:17:"created_timestamp";i:0;s:9:"copyright";s:0:"";s:12:"focal_length";i:0;s:3:"iso";i:0;s:13:"shutter_speed";i:0;s:5:"title";s:0:"";}}]]></wp:meta_value>
		</wp:postmeta>
	</item>

	<item>
				<title>b-supernatural-fx-showreel</title>
		<link>http://demo.qodeinteractive.com/elision/supernatural-fx-showreel/b-supernatural-fx-showreel/</link>
		<pubDate>Tue, 29 Oct 2013 10:15:31 +0000</pubDate>
		<dc:creator><![CDATA[admin]]></dc:creator>
		<guid isPermaLink="false">http://demo.qodeinteractive.com/elision/wp-content/uploads/2013/10/b-supernatural-fx-showreel.jpg</guid>
		<description></description>
		<content:encoded><![CDATA[]]></content:encoded>
		<excerpt:encoded><![CDATA[]]></excerpt:encoded>
		<wp:post_id>2818</wp:post_id>
		<wp:post_date>2013-10-29 10:15:31</wp:post_date>
		<wp:post_date_gmt>2013-10-29 10:15:31</wp:post_date_gmt>
		<wp:comment_status>open</wp:comment_status>
		<wp:ping_status>open</wp:ping_status>
		<wp:post_name>b-supernatural-fx-showreel</wp:post_name>
		<wp:status>inherit</wp:status>
		<wp:post_parent>22</wp:post_parent>
		<wp:menu_order>0</wp:menu_order>
		<wp:post_type>attachment</wp:post_type>
		<wp:post_password></wp:post_password>
		<wp:is_sticky>0</wp:is_sticky>
		<wp:attachment_url>http://demo.qodeinteractive.com/elision/wp-content/uploads/2013/10/b-supernatural-fx-showreel.jpg</wp:attachment_url>
		<wp:postmeta>
			<wp:meta_key>_wp_attached_file</wp:meta_key>
			<wp:meta_value><![CDATA[2013/10/b-supernatural-fx-showreel.jpg]]></wp:meta_value>
		</wp:postmeta>
		<wp:postmeta>
			<wp:meta_key>_wp_attachment_metadata</wp:meta_key>
			<wp:meta_value><![CDATA[a:5:{s:5:"width";i:1100;s:6:"height";i:619;s:4:"file";s:38:"2013/10/b-supernatural-fx-showreel.jpg";s:5:"sizes";a:10:{s:9:"thumbnail";a:4:{s:4:"file";s:38:"b-supernatural-fx-showreel-150x150.jpg";s:5:"width";i:150;s:6:"height";i:150;s:9:"mime-type";s:10:"image/jpeg";}s:6:"medium";a:4:{s:4:"file";s:38:"b-supernatural-fx-showreel-300x168.jpg";s:5:"width";i:300;s:6:"height";i:168;s:9:"mime-type";s:10:"image/jpeg";}s:5:"large";a:4:{s:4:"file";s:39:"b-supernatural-fx-showreel-1024x576.jpg";s:5:"width";i:1024;s:6:"height";i:576;s:9:"mime-type";s:10:"image/jpeg";}s:16:"portfolio-square";a:4:{s:4:"file";s:38:"b-supernatural-fx-showreel-520x520.jpg";s:5:"width";i:520;s:6:"height";i:520;s:9:"mime-type";s:10:"image/jpeg";}s:18:"menu-featured-post";a:4:{s:4:"file";s:38:"b-supernatural-fx-showreel-345x198.jpg";s:5:"width";i:345;s:6:"height";i:198;s:9:"mime-type";s:10:"image/jpeg";}s:20:"qode-carousel_slider";a:4:{s:4:"file";s:38:"b-supernatural-fx-showreel-400x260.jpg";s:5:"width";i:400;s:6:"height";i:260;s:9:"mime-type";s:10:"image/jpeg";}s:16:"portfolio_slider";a:4:{s:4:"file";s:38:"b-supernatural-fx-showreel-480x320.jpg";s:5:"width";i:480;s:6:"height";i:320;s:9:"mime-type";s:10:"image/jpeg";}s:14:"shop_thumbnail";a:4:{s:4:"file";s:37:"b-supernatural-fx-showreel-137x77.jpg";s:5:"width";i:137;s:6:"height";i:77;s:9:"mime-type";s:10:"image/jpeg";}s:12:"shop_catalog";a:4:{s:4:"file";s:38:"b-supernatural-fx-showreel-250x140.jpg";s:5:"width";i:250;s:6:"height";i:140;s:9:"mime-type";s:10:"image/jpeg";}s:11:"shop_single";a:4:{s:4:"file";s:38:"b-supernatural-fx-showreel-520x292.jpg";s:5:"width";i:520;s:6:"height";i:292;s:9:"mime-type";s:10:"image/jpeg";}}s:10:"image_meta";a:10:{s:8:"aperture";i:0;s:6:"credit";s:0:"";s:6:"camera";s:0:"";s:7:"caption";s:0:"";s:17:"created_timestamp";i:0;s:9:"copyright";s:0:"";s:12:"focal_length";i:0;s:3:"iso";i:0;s:13:"shutter_speed";i:0;s:5:"title";s:0:"";}}]]></wp:meta_value>
		</wp:postmeta>
	</item>

	<item>
				<title>b-oscar-wilde</title>
		<link>http://demo.qodeinteractive.com/elision/oscar-wilde/b-oscar-wilde/</link>
		<pubDate>Tue, 29 Oct 2013 10:19:23 +0000</pubDate>
		<dc:creator><![CDATA[admin]]></dc:creator>
		<guid isPermaLink="false">http://demo.qodeinteractive.com/elision/wp-content/uploads/2013/10/b-oscar-wilde.jpg</guid>
		<description></description>
		<content:encoded><![CDATA[]]></content:encoded>
		<excerpt:encoded><![CDATA[]]></excerpt:encoded>
		<wp:post_id>2819</wp:post_id>
		<wp:post_date>2013-10-29 10:19:23</wp:post_date>
		<wp:post_date_gmt>2013-10-29 10:19:23</wp:post_date_gmt>
		<wp:comment_status>open</wp:comment_status>
		<wp:ping_status>open</wp:ping_status>
		<wp:post_name>b-oscar-wilde</wp:post_name>
		<wp:status>inherit</wp:status>
		<wp:post_parent>20</wp:post_parent>
		<wp:menu_order>0</wp:menu_order>
		<wp:post_type>attachment</wp:post_type>
		<wp:post_password></wp:post_password>
		<wp:is_sticky>0</wp:is_sticky>
		<wp:attachment_url>http://demo.qodeinteractive.com/elision/wp-content/uploads/2013/10/b-oscar-wilde.jpg</wp:attachment_url>
		<wp:postmeta>
			<wp:meta_key>_wp_attached_file</wp:meta_key>
			<wp:meta_value><![CDATA[2013/10/b-oscar-wilde.jpg]]></wp:meta_value>
		</wp:postmeta>
		<wp:postmeta>
			<wp:meta_key>_wp_attachment_metadata</wp:meta_key>
			<wp:meta_value><![CDATA[a:5:{s:5:"width";i:1200;s:6:"height";i:675;s:4:"file";s:25:"2013/10/b-oscar-wilde.jpg";s:5:"sizes";a:10:{s:9:"thumbnail";a:4:{s:4:"file";s:25:"b-oscar-wilde-150x150.jpg";s:5:"width";i:150;s:6:"height";i:150;s:9:"mime-type";s:10:"image/jpeg";}s:6:"medium";a:4:{s:4:"file";s:25:"b-oscar-wilde-300x168.jpg";s:5:"width";i:300;s:6:"height";i:168;s:9:"mime-type";s:10:"image/jpeg";}s:5:"large";a:4:{s:4:"file";s:26:"b-oscar-wilde-1024x576.jpg";s:5:"width";i:1024;s:6:"height";i:576;s:9:"mime-type";s:10:"image/jpeg";}s:16:"portfolio-square";a:4:{s:4:"file";s:25:"b-oscar-wilde-520x520.jpg";s:5:"width";i:520;s:6:"height";i:520;s:9:"mime-type";s:10:"image/jpeg";}s:18:"menu-featured-post";a:4:{s:4:"file";s:25:"b-oscar-wilde-345x198.jpg";s:5:"width";i:345;s:6:"height";i:198;s:9:"mime-type";s:10:"image/jpeg";}s:20:"qode-carousel_slider";a:4:{s:4:"file";s:25:"b-oscar-wilde-400x260.jpg";s:5:"width";i:400;s:6:"height";i:260;s:9:"mime-type";s:10:"image/jpeg";}s:16:"portfolio_slider";a:4:{s:4:"file";s:25:"b-oscar-wilde-480x320.jpg";s:5:"width";i:480;s:6:"height";i:320;s:9:"mime-type";s:10:"image/jpeg";}s:14:"shop_thumbnail";a:4:{s:4:"file";s:24:"b-oscar-wilde-137x77.jpg";s:5:"width";i:137;s:6:"height";i:77;s:9:"mime-type";s:10:"image/jpeg";}s:12:"shop_catalog";a:4:{s:4:"file";s:25:"b-oscar-wilde-250x140.jpg";s:5:"width";i:250;s:6:"height";i:140;s:9:"mime-type";s:10:"image/jpeg";}s:11:"shop_single";a:4:{s:4:"file";s:25:"b-oscar-wilde-520x292.jpg";s:5:"width";i:520;s:6:"height";i:292;s:9:"mime-type";s:10:"image/jpeg";}}s:10:"image_meta";a:10:{s:8:"aperture";i:0;s:6:"credit";s:0:"";s:6:"camera";s:0:"";s:7:"caption";s:0:"";s:17:"created_timestamp";i:0;s:9:"copyright";s:0:"";s:12:"focal_length";i:0;s:3:"iso";i:0;s:13:"shutter_speed";i:0;s:5:"title";s:0:"";}}]]></wp:meta_value>
		</wp:postmeta>
	</item>

	<item>
				<title>b-10-best-productivity-secrets-revealed</title>
		<link>http://demo.qodeinteractive.com/elision/10-best-productivity-secrets-revealed/b-10-best-productivity-secrets-revealed/</link>
		<pubDate>Tue, 29 Oct 2013 10:21:16 +0000</pubDate>
		<dc:creator><![CDATA[admin]]></dc:creator>
		<guid isPermaLink="false">http://demo.qodeinteractive.com/elision/wp-content/uploads/2013/10/b-10-best-productivity-secrets-revealed.jpg</guid>
		<description></description>
		<content:encoded><![CDATA[]]></content:encoded>
		<excerpt:encoded><![CDATA[]]></excerpt:encoded>
		<wp:post_id>2820</wp:post_id>
		<wp:post_date>2013-10-29 10:21:16</wp:post_date>
		<wp:post_date_gmt>2013-10-29 10:21:16</wp:post_date_gmt>
		<wp:comment_status>open</wp:comment_status>
		<wp:ping_status>open</wp:ping_status>
		<wp:post_name>b-10-best-productivity-secrets-revealed</wp:post_name>
		<wp:status>inherit</wp:status>
		<wp:post_parent>17</wp:post_parent>
		<wp:menu_order>0</wp:menu_order>
		<wp:post_type>attachment</wp:post_type>
		<wp:post_password></wp:post_password>
		<wp:is_sticky>0</wp:is_sticky>
		<wp:attachment_url>http://demo.qodeinteractive.com/elision/wp-content/uploads/2013/10/b-10-best-productivity-secrets-revealed.jpg</wp:attachment_url>
		<wp:postmeta>
			<wp:meta_key>_wp_attached_file</wp:meta_key>
			<wp:meta_value><![CDATA[2013/10/b-10-best-productivity-secrets-revealed.jpg]]></wp:meta_value>
		</wp:postmeta>
		<wp:postmeta>
			<wp:meta_key>_wp_attachment_metadata</wp:meta_key>
			<wp:meta_value><![CDATA[a:5:{s:5:"width";i:1200;s:6:"height";i:675;s:4:"file";s:51:"2013/10/b-10-best-productivity-secrets-revealed.jpg";s:5:"sizes";a:10:{s:9:"thumbnail";a:4:{s:4:"file";s:51:"b-10-best-productivity-secrets-revealed-150x150.jpg";s:5:"width";i:150;s:6:"height";i:150;s:9:"mime-type";s:10:"image/jpeg";}s:6:"medium";a:4:{s:4:"file";s:51:"b-10-best-productivity-secrets-revealed-300x168.jpg";s:5:"width";i:300;s:6:"height";i:168;s:9:"mime-type";s:10:"image/jpeg";}s:5:"large";a:4:{s:4:"file";s:52:"b-10-best-productivity-secrets-revealed-1024x576.jpg";s:5:"width";i:1024;s:6:"height";i:576;s:9:"mime-type";s:10:"image/jpeg";}s:16:"portfolio-square";a:4:{s:4:"file";s:51:"b-10-best-productivity-secrets-revealed-520x520.jpg";s:5:"width";i:520;s:6:"height";i:520;s:9:"mime-type";s:10:"image/jpeg";}s:18:"menu-featured-post";a:4:{s:4:"file";s:51:"b-10-best-productivity-secrets-revealed-345x198.jpg";s:5:"width";i:345;s:6:"height";i:198;s:9:"mime-type";s:10:"image/jpeg";}s:20:"qode-carousel_slider";a:4:{s:4:"file";s:51:"b-10-best-productivity-secrets-revealed-400x260.jpg";s:5:"width";i:400;s:6:"height";i:260;s:9:"mime-type";s:10:"image/jpeg";}s:16:"portfolio_slider";a:4:{s:4:"file";s:51:"b-10-best-productivity-secrets-revealed-480x320.jpg";s:5:"width";i:480;s:6:"height";i:320;s:9:"mime-type";s:10:"image/jpeg";}s:14:"shop_thumbnail";a:4:{s:4:"file";s:50:"b-10-best-productivity-secrets-revealed-137x77.jpg";s:5:"width";i:137;s:6:"height";i:77;s:9:"mime-type";s:10:"image/jpeg";}s:12:"shop_catalog";a:4:{s:4:"file";s:51:"b-10-best-productivity-secrets-revealed-250x140.jpg";s:5:"width";i:250;s:6:"height";i:140;s:9:"mime-type";s:10:"image/jpeg";}s:11:"shop_single";a:4:{s:4:"file";s:51:"b-10-best-productivity-secrets-revealed-520x292.jpg";s:5:"width";i:520;s:6:"height";i:292;s:9:"mime-type";s:10:"image/jpeg";}}s:10:"image_meta";a:10:{s:8:"aperture";i:0;s:6:"credit";s:0:"";s:6:"camera";s:0:"";s:7:"caption";s:0:"";s:17:"created_timestamp";i:0;s:9:"copyright";s:0:"";s:12:"focal_length";i:0;s:3:"iso";i:0;s:13:"shutter_speed";i:0;s:5:"title";s:0:"";}}]]></wp:meta_value>
		</wp:postmeta>
	</item>

	<item>
				<title>b-josh-woodward-already-there-remix</title>
		<link>http://demo.qodeinteractive.com/elision/josh-woodward-already-there-remix/b-josh-woodward-already-there-remix/</link>
		<pubDate>Tue, 29 Oct 2013 10:22:14 +0000</pubDate>
		<dc:creator><![CDATA[admin]]></dc:creator>
		<guid isPermaLink="false">http://demo.qodeinteractive.com/elision/wp-content/uploads/2013/10/b-josh-woodward-already-there-remix.jpg</guid>
		<description></description>
		<content:encoded><![CDATA[]]></content:encoded>
		<excerpt:encoded><![CDATA[]]></excerpt:encoded>
		<wp:post_id>2821</wp:post_id>
		<wp:post_date>2013-10-29 10:22:14</wp:post_date>
		<wp:post_date_gmt>2013-10-29 10:22:14</wp:post_date_gmt>
		<wp:comment_status>open</wp:comment_status>
		<wp:ping_status>open</wp:ping_status>
		<wp:post_name>b-josh-woodward-already-there-remix</wp:post_name>
		<wp:status>inherit</wp:status>
		<wp:post_parent>14</wp:post_parent>
		<wp:menu_order>0</wp:menu_order>
		<wp:post_type>attachment</wp:post_type>
		<wp:post_password></wp:post_password>
		<wp:is_sticky>0</wp:is_sticky>
		<wp:attachment_url>http://demo.qodeinteractive.com/elision/wp-content/uploads/2013/10/b-josh-woodward-already-there-remix.jpg</wp:attachment_url>
		<wp:postmeta>
			<wp:meta_key>_wp_attached_file</wp:meta_key>
			<wp:meta_value><![CDATA[2013/10/b-josh-woodward-already-there-remix.jpg]]></wp:meta_value>
		</wp:postmeta>
		<wp:postmeta>
			<wp:meta_key>_wp_attachment_metadata</wp:meta_key>
			<wp:meta_value><![CDATA[a:5:{s:5:"width";i:1200;s:6:"height";i:675;s:4:"file";s:47:"2013/10/b-josh-woodward-already-there-remix.jpg";s:5:"sizes";a:10:{s:9:"thumbnail";a:4:{s:4:"file";s:47:"b-josh-woodward-already-there-remix-150x150.jpg";s:5:"width";i:150;s:6:"height";i:150;s:9:"mime-type";s:10:"image/jpeg";}s:6:"medium";a:4:{s:4:"file";s:47:"b-josh-woodward-already-there-remix-300x168.jpg";s:5:"width";i:300;s:6:"height";i:168;s:9:"mime-type";s:10:"image/jpeg";}s:5:"large";a:4:{s:4:"file";s:48:"b-josh-woodward-already-there-remix-1024x576.jpg";s:5:"width";i:1024;s:6:"height";i:576;s:9:"mime-type";s:10:"image/jpeg";}s:16:"portfolio-square";a:4:{s:4:"file";s:47:"b-josh-woodward-already-there-remix-520x520.jpg";s:5:"width";i:520;s:6:"height";i:520;s:9:"mime-type";s:10:"image/jpeg";}s:18:"menu-featured-post";a:4:{s:4:"file";s:47:"b-josh-woodward-already-there-remix-345x198.jpg";s:5:"width";i:345;s:6:"height";i:198;s:9:"mime-type";s:10:"image/jpeg";}s:20:"qode-carousel_slider";a:4:{s:4:"file";s:47:"b-josh-woodward-already-there-remix-400x260.jpg";s:5:"width";i:400;s:6:"height";i:260;s:9:"mime-type";s:10:"image/jpeg";}s:16:"portfolio_slider";a:4:{s:4:"file";s:47:"b-josh-woodward-already-there-remix-480x320.jpg";s:5:"width";i:480;s:6:"height";i:320;s:9:"mime-type";s:10:"image/jpeg";}s:14:"shop_thumbnail";a:4:{s:4:"file";s:46:"b-josh-woodward-already-there-remix-137x77.jpg";s:5:"width";i:137;s:6:"height";i:77;s:9:"mime-type";s:10:"image/jpeg";}s:12:"shop_catalog";a:4:{s:4:"file";s:47:"b-josh-woodward-already-there-remix-250x140.jpg";s:5:"width";i:250;s:6:"height";i:140;s:9:"mime-type";s:10:"image/jpeg";}s:11:"shop_single";a:4:{s:4:"file";s:47:"b-josh-woodward-already-there-remix-520x292.jpg";s:5:"width";i:520;s:6:"height";i:292;s:9:"mime-type";s:10:"image/jpeg";}}s:10:"image_meta";a:10:{s:8:"aperture";i:0;s:6:"credit";s:0:"";s:6:"camera";s:0:"";s:7:"caption";s:0:"";s:17:"created_timestamp";i:0;s:9:"copyright";s:0:"";s:12:"focal_length";i:0;s:3:"iso";i:0;s:13:"shutter_speed";i:0;s:5:"title";s:0:"";}}]]></wp:meta_value>
		</wp:postmeta>
	</item>

	<item>
				<title>b-madrids-photographer-marathon</title>
		<link>http://demo.qodeinteractive.com/elision/madrids-photographer-marathon/b-madrids-photographer-marathon/</link>
		<pubDate>Tue, 29 Oct 2013 10:24:58 +0000</pubDate>
		<dc:creator><![CDATA[admin]]></dc:creator>
		<guid isPermaLink="false">http://demo.qodeinteractive.com/elision/wp-content/uploads/2013/10/b-madrids-photographer-marathon.jpg</guid>
		<description></description>
		<content:encoded><![CDATA[]]></content:encoded>
		<excerpt:encoded><![CDATA[]]></excerpt:encoded>
		<wp:post_id>2822</wp:post_id>
		<wp:post_date>2013-10-29 10:24:58</wp:post_date>
		<wp:post_date_gmt>2013-10-29 10:24:58</wp:post_date_gmt>
		<wp:comment_status>open</wp:comment_status>
		<wp:ping_status>open</wp:ping_status>
		<wp:post_name>b-madrids-photographer-marathon</wp:post_name>
		<wp:status>inherit</wp:status>
		<wp:post_parent>8</wp:post_parent>
		<wp:menu_order>0</wp:menu_order>
		<wp:post_type>attachment</wp:post_type>
		<wp:post_password></wp:post_password>
		<wp:is_sticky>0</wp:is_sticky>
		<wp:attachment_url>http://demo.qodeinteractive.com/elision/wp-content/uploads/2013/10/b-madrids-photographer-marathon.jpg</wp:attachment_url>
		<wp:postmeta>
			<wp:meta_key>_wp_attached_file</wp:meta_key>
			<wp:meta_value><![CDATA[2013/10/b-madrids-photographer-marathon.jpg]]></wp:meta_value>
		</wp:postmeta>
		<wp:postmeta>
			<wp:meta_key>_wp_attachment_metadata</wp:meta_key>
			<wp:meta_value><![CDATA[a:5:{s:5:"width";i:1100;s:6:"height";i:619;s:4:"file";s:43:"2013/10/b-madrids-photographer-marathon.jpg";s:5:"sizes";a:10:{s:9:"thumbnail";a:4:{s:4:"file";s:43:"b-madrids-photographer-marathon-150x150.jpg";s:5:"width";i:150;s:6:"height";i:150;s:9:"mime-type";s:10:"image/jpeg";}s:6:"medium";a:4:{s:4:"file";s:43:"b-madrids-photographer-marathon-300x168.jpg";s:5:"width";i:300;s:6:"height";i:168;s:9:"mime-type";s:10:"image/jpeg";}s:5:"large";a:4:{s:4:"file";s:44:"b-madrids-photographer-marathon-1024x576.jpg";s:5:"width";i:1024;s:6:"height";i:576;s:9:"mime-type";s:10:"image/jpeg";}s:16:"portfolio-square";a:4:{s:4:"file";s:43:"b-madrids-photographer-marathon-520x520.jpg";s:5:"width";i:520;s:6:"height";i:520;s:9:"mime-type";s:10:"image/jpeg";}s:18:"menu-featured-post";a:4:{s:4:"file";s:43:"b-madrids-photographer-marathon-345x198.jpg";s:5:"width";i:345;s:6:"height";i:198;s:9:"mime-type";s:10:"image/jpeg";}s:20:"qode-carousel_slider";a:4:{s:4:"file";s:43:"b-madrids-photographer-marathon-400x260.jpg";s:5:"width";i:400;s:6:"height";i:260;s:9:"mime-type";s:10:"image/jpeg";}s:16:"portfolio_slider";a:4:{s:4:"file";s:43:"b-madrids-photographer-marathon-480x320.jpg";s:5:"width";i:480;s:6:"height";i:320;s:9:"mime-type";s:10:"image/jpeg";}s:14:"shop_thumbnail";a:4:{s:4:"file";s:42:"b-madrids-photographer-marathon-137x77.jpg";s:5:"width";i:137;s:6:"height";i:77;s:9:"mime-type";s:10:"image/jpeg";}s:12:"shop_catalog";a:4:{s:4:"file";s:43:"b-madrids-photographer-marathon-250x140.jpg";s:5:"width";i:250;s:6:"height";i:140;s:9:"mime-type";s:10:"image/jpeg";}s:11:"shop_single";a:4:{s:4:"file";s:43:"b-madrids-photographer-marathon-520x292.jpg";s:5:"width";i:520;s:6:"height";i:292;s:9:"mime-type";s:10:"image/jpeg";}}s:10:"image_meta";a:10:{s:8:"aperture";i:0;s:6:"credit";s:0:"";s:6:"camera";s:0:"";s:7:"caption";s:0:"";s:17:"created_timestamp";i:0;s:9:"copyright";s:0:"";s:12:"focal_length";i:0;s:3:"iso";i:0;s:13:"shutter_speed";i:0;s:5:"title";s:0:"";}}]]></wp:meta_value>
		</wp:postmeta>
	</item>

	<item>
				<title>b-madrids-photographer-marathon-01</title>
		<link>http://demo.qodeinteractive.com/elision/madrids-photographer-marathon/b-madrids-photographer-marathon-01/</link>
		<pubDate>Tue, 29 Oct 2013 10:25:20 +0000</pubDate>
		<dc:creator><![CDATA[admin]]></dc:creator>
		<guid isPermaLink="false">http://demo.qodeinteractive.com/elision/wp-content/uploads/2013/10/b-madrids-photographer-marathon-01.jpg</guid>
		<description></description>
		<content:encoded><![CDATA[]]></content:encoded>
		<excerpt:encoded><![CDATA[]]></excerpt:encoded>
		<wp:post_id>2823</wp:post_id>
		<wp:post_date>2013-10-29 10:25:20</wp:post_date>
		<wp:post_date_gmt>2013-10-29 10:25:20</wp:post_date_gmt>
		<wp:comment_status>open</wp:comment_status>
		<wp:ping_status>open</wp:ping_status>
		<wp:post_name>b-madrids-photographer-marathon-01</wp:post_name>
		<wp:status>inherit</wp:status>
		<wp:post_parent>8</wp:post_parent>
		<wp:menu_order>0</wp:menu_order>
		<wp:post_type>attachment</wp:post_type>
		<wp:post_password></wp:post_password>
		<wp:is_sticky>0</wp:is_sticky>
		<wp:attachment_url>http://demo.qodeinteractive.com/elision/wp-content/uploads/2013/10/b-madrids-photographer-marathon-01.jpg</wp:attachment_url>
		<wp:postmeta>
			<wp:meta_key>_wp_attached_file</wp:meta_key>
			<wp:meta_value><![CDATA[2013/10/b-madrids-photographer-marathon-01.jpg]]></wp:meta_value>
		</wp:postmeta>
		<wp:postmeta>
			<wp:meta_key>_wp_attachment_metadata</wp:meta_key>
			<wp:meta_value><![CDATA[a:5:{s:5:"width";i:1200;s:6:"height";i:675;s:4:"file";s:46:"2013/10/b-madrids-photographer-marathon-01.jpg";s:5:"sizes";a:10:{s:9:"thumbnail";a:4:{s:4:"file";s:46:"b-madrids-photographer-marathon-01-150x150.jpg";s:5:"width";i:150;s:6:"height";i:150;s:9:"mime-type";s:10:"image/jpeg";}s:6:"medium";a:4:{s:4:"file";s:46:"b-madrids-photographer-marathon-01-300x168.jpg";s:5:"width";i:300;s:6:"height";i:168;s:9:"mime-type";s:10:"image/jpeg";}s:5:"large";a:4:{s:4:"file";s:47:"b-madrids-photographer-marathon-01-1024x576.jpg";s:5:"width";i:1024;s:6:"height";i:576;s:9:"mime-type";s:10:"image/jpeg";}s:16:"portfolio-square";a:4:{s:4:"file";s:46:"b-madrids-photographer-marathon-01-520x520.jpg";s:5:"width";i:520;s:6:"height";i:520;s:9:"mime-type";s:10:"image/jpeg";}s:18:"menu-featured-post";a:4:{s:4:"file";s:46:"b-madrids-photographer-marathon-01-345x198.jpg";s:5:"width";i:345;s:6:"height";i:198;s:9:"mime-type";s:10:"image/jpeg";}s:20:"qode-carousel_slider";a:4:{s:4:"file";s:46:"b-madrids-photographer-marathon-01-400x260.jpg";s:5:"width";i:400;s:6:"height";i:260;s:9:"mime-type";s:10:"image/jpeg";}s:16:"portfolio_slider";a:4:{s:4:"file";s:46:"b-madrids-photographer-marathon-01-480x320.jpg";s:5:"width";i:480;s:6:"height";i:320;s:9:"mime-type";s:10:"image/jpeg";}s:14:"shop_thumbnail";a:4:{s:4:"file";s:45:"b-madrids-photographer-marathon-01-137x77.jpg";s:5:"width";i:137;s:6:"height";i:77;s:9:"mime-type";s:10:"image/jpeg";}s:12:"shop_catalog";a:4:{s:4:"file";s:46:"b-madrids-photographer-marathon-01-250x140.jpg";s:5:"width";i:250;s:6:"height";i:140;s:9:"mime-type";s:10:"image/jpeg";}s:11:"shop_single";a:4:{s:4:"file";s:46:"b-madrids-photographer-marathon-01-520x292.jpg";s:5:"width";i:520;s:6:"height";i:292;s:9:"mime-type";s:10:"image/jpeg";}}s:10:"image_meta";a:10:{s:8:"aperture";i:0;s:6:"credit";s:0:"";s:6:"camera";s:0:"";s:7:"caption";s:0:"";s:17:"created_timestamp";i:0;s:9:"copyright";s:0:"";s:12:"focal_length";i:0;s:3:"iso";i:0;s:13:"shutter_speed";i:0;s:5:"title";s:0:"";}}]]></wp:meta_value>
		</wp:postmeta>
		<wp:postmeta>
			<wp:meta_key>_qode-like</wp:meta_key>
			<wp:meta_value><![CDATA[0]]></wp:meta_value>
		</wp:postmeta>
	</item>

	<item>
				<title>b-madrids-photographer-marathon-02</title>
		<link>http://demo.qodeinteractive.com/elision/madrids-photographer-marathon/b-madrids-photographer-marathon-02/</link>
		<pubDate>Tue, 29 Oct 2013 10:25:23 +0000</pubDate>
		<dc:creator><![CDATA[admin]]></dc:creator>
		<guid isPermaLink="false">http://demo.qodeinteractive.com/elision/wp-content/uploads/2013/10/b-madrids-photographer-marathon-02.jpg</guid>
		<description></description>
		<content:encoded><![CDATA[]]></content:encoded>
		<excerpt:encoded><![CDATA[]]></excerpt:encoded>
		<wp:post_id>2824</wp:post_id>
		<wp:post_date>2013-10-29 10:25:23</wp:post_date>
		<wp:post_date_gmt>2013-10-29 10:25:23</wp:post_date_gmt>
		<wp:comment_status>open</wp:comment_status>
		<wp:ping_status>open</wp:ping_status>
		<wp:post_name>b-madrids-photographer-marathon-02</wp:post_name>
		<wp:status>inherit</wp:status>
		<wp:post_parent>8</wp:post_parent>
		<wp:menu_order>0</wp:menu_order>
		<wp:post_type>attachment</wp:post_type>
		<wp:post_password></wp:post_password>
		<wp:is_sticky>0</wp:is_sticky>
		<wp:attachment_url>http://demo.qodeinteractive.com/elision/wp-content/uploads/2013/10/b-madrids-photographer-marathon-02.jpg</wp:attachment_url>
		<wp:postmeta>
			<wp:meta_key>_wp_attached_file</wp:meta_key>
			<wp:meta_value><![CDATA[2013/10/b-madrids-photographer-marathon-02.jpg]]></wp:meta_value>
		</wp:postmeta>
		<wp:postmeta>
			<wp:meta_key>_wp_attachment_metadata</wp:meta_key>
			<wp:meta_value><![CDATA[a:5:{s:5:"width";i:1200;s:6:"height";i:675;s:4:"file";s:46:"2013/10/b-madrids-photographer-marathon-02.jpg";s:5:"sizes";a:10:{s:9:"thumbnail";a:4:{s:4:"file";s:46:"b-madrids-photographer-marathon-02-150x150.jpg";s:5:"width";i:150;s:6:"height";i:150;s:9:"mime-type";s:10:"image/jpeg";}s:6:"medium";a:4:{s:4:"file";s:46:"b-madrids-photographer-marathon-02-300x168.jpg";s:5:"width";i:300;s:6:"height";i:168;s:9:"mime-type";s:10:"image/jpeg";}s:5:"large";a:4:{s:4:"file";s:47:"b-madrids-photographer-marathon-02-1024x576.jpg";s:5:"width";i:1024;s:6:"height";i:576;s:9:"mime-type";s:10:"image/jpeg";}s:16:"portfolio-square";a:4:{s:4:"file";s:46:"b-madrids-photographer-marathon-02-520x520.jpg";s:5:"width";i:520;s:6:"height";i:520;s:9:"mime-type";s:10:"image/jpeg";}s:18:"menu-featured-post";a:4:{s:4:"file";s:46:"b-madrids-photographer-marathon-02-345x198.jpg";s:5:"width";i:345;s:6:"height";i:198;s:9:"mime-type";s:10:"image/jpeg";}s:20:"qode-carousel_slider";a:4:{s:4:"file";s:46:"b-madrids-photographer-marathon-02-400x260.jpg";s:5:"width";i:400;s:6:"height";i:260;s:9:"mime-type";s:10:"image/jpeg";}s:16:"portfolio_slider";a:4:{s:4:"file";s:46:"b-madrids-photographer-marathon-02-480x320.jpg";s:5:"width";i:480;s:6:"height";i:320;s:9:"mime-type";s:10:"image/jpeg";}s:14:"shop_thumbnail";a:4:{s:4:"file";s:45:"b-madrids-photographer-marathon-02-137x77.jpg";s:5:"width";i:137;s:6:"height";i:77;s:9:"mime-type";s:10:"image/jpeg";}s:12:"shop_catalog";a:4:{s:4:"file";s:46:"b-madrids-photographer-marathon-02-250x140.jpg";s:5:"width";i:250;s:6:"height";i:140;s:9:"mime-type";s:10:"image/jpeg";}s:11:"shop_single";a:4:{s:4:"file";s:46:"b-madrids-photographer-marathon-02-520x292.jpg";s:5:"width";i:520;s:6:"height";i:292;s:9:"mime-type";s:10:"image/jpeg";}}s:10:"image_meta";a:10:{s:8:"aperture";i:0;s:6:"credit";s:0:"";s:6:"camera";s:0:"";s:7:"caption";s:0:"";s:17:"created_timestamp";i:0;s:9:"copyright";s:0:"";s:12:"focal_length";i:0;s:3:"iso";i:0;s:13:"shutter_speed";i:0;s:5:"title";s:0:"";}}]]></wp:meta_value>
		</wp:postmeta>
		<wp:postmeta>
			<wp:meta_key>_qode-like</wp:meta_key>
			<wp:meta_value><![CDATA[0]]></wp:meta_value>
		</wp:postmeta>
	</item>

	<item>
				<title>b-inteligent-transitions-in-ux-design</title>
		<link>http://demo.qodeinteractive.com/elision/inteligent-transitions-in-ux-design/b-inteligent-transitions-in-ux-design/</link>
		<pubDate>Tue, 29 Oct 2013 10:26:40 +0000</pubDate>
		<dc:creator><![CDATA[admin]]></dc:creator>
		<guid isPermaLink="false">http://demo.qodeinteractive.com/elision/wp-content/uploads/2013/10/b-inteligent-transitions-in-ux-design.jpg</guid>
		<description></description>
		<content:encoded><![CDATA[]]></content:encoded>
		<excerpt:encoded><![CDATA[]]></excerpt:encoded>
		<wp:post_id>2826</wp:post_id>
		<wp:post_date>2013-10-29 10:26:40</wp:post_date>
		<wp:post_date_gmt>2013-10-29 10:26:40</wp:post_date_gmt>
		<wp:comment_status>open</wp:comment_status>
		<wp:ping_status>open</wp:ping_status>
		<wp:post_name>b-inteligent-transitions-in-ux-design</wp:post_name>
		<wp:status>inherit</wp:status>
		<wp:post_parent>5</wp:post_parent>
		<wp:menu_order>0</wp:menu_order>
		<wp:post_type>attachment</wp:post_type>
		<wp:post_password></wp:post_password>
		<wp:is_sticky>0</wp:is_sticky>
		<wp:attachment_url>http://demo.qodeinteractive.com/elision/wp-content/uploads/2013/10/b-inteligent-transitions-in-ux-design.jpg</wp:attachment_url>
		<wp:postmeta>
			<wp:meta_key>_wp_attached_file</wp:meta_key>
			<wp:meta_value><![CDATA[2013/10/b-inteligent-transitions-in-ux-design.jpg]]></wp:meta_value>
		</wp:postmeta>
		<wp:postmeta>
			<wp:meta_key>_wp_attachment_metadata</wp:meta_key>
			<wp:meta_value><![CDATA[a:5:{s:5:"width";i:1200;s:6:"height";i:675;s:4:"file";s:49:"2013/10/b-inteligent-transitions-in-ux-design.jpg";s:5:"sizes";a:10:{s:9:"thumbnail";a:4:{s:4:"file";s:49:"b-inteligent-transitions-in-ux-design-150x150.jpg";s:5:"width";i:150;s:6:"height";i:150;s:9:"mime-type";s:10:"image/jpeg";}s:6:"medium";a:4:{s:4:"file";s:49:"b-inteligent-transitions-in-ux-design-300x168.jpg";s:5:"width";i:300;s:6:"height";i:168;s:9:"mime-type";s:10:"image/jpeg";}s:5:"large";a:4:{s:4:"file";s:50:"b-inteligent-transitions-in-ux-design-1024x576.jpg";s:5:"width";i:1024;s:6:"height";i:576;s:9:"mime-type";s:10:"image/jpeg";}s:16:"portfolio-square";a:4:{s:4:"file";s:49:"b-inteligent-transitions-in-ux-design-520x520.jpg";s:5:"width";i:520;s:6:"height";i:520;s:9:"mime-type";s:10:"image/jpeg";}s:18:"menu-featured-post";a:4:{s:4:"file";s:49:"b-inteligent-transitions-in-ux-design-345x198.jpg";s:5:"width";i:345;s:6:"height";i:198;s:9:"mime-type";s:10:"image/jpeg";}s:20:"qode-carousel_slider";a:4:{s:4:"file";s:49:"b-inteligent-transitions-in-ux-design-400x260.jpg";s:5:"width";i:400;s:6:"height";i:260;s:9:"mime-type";s:10:"image/jpeg";}s:16:"portfolio_slider";a:4:{s:4:"file";s:49:"b-inteligent-transitions-in-ux-design-480x320.jpg";s:5:"width";i:480;s:6:"height";i:320;s:9:"mime-type";s:10:"image/jpeg";}s:14:"shop_thumbnail";a:4:{s:4:"file";s:48:"b-inteligent-transitions-in-ux-design-137x77.jpg";s:5:"width";i:137;s:6:"height";i:77;s:9:"mime-type";s:10:"image/jpeg";}s:12:"shop_catalog";a:4:{s:4:"file";s:49:"b-inteligent-transitions-in-ux-design-250x140.jpg";s:5:"width";i:250;s:6:"height";i:140;s:9:"mime-type";s:10:"image/jpeg";}s:11:"shop_single";a:4:{s:4:"file";s:49:"b-inteligent-transitions-in-ux-design-520x292.jpg";s:5:"width";i:520;s:6:"height";i:292;s:9:"mime-type";s:10:"image/jpeg";}}s:10:"image_meta";a:10:{s:8:"aperture";i:0;s:6:"credit";s:0:"";s:6:"camera";s:0:"";s:7:"caption";s:0:"";s:17:"created_timestamp";i:0;s:9:"copyright";s:0:"";s:12:"focal_length";i:0;s:3:"iso";i:0;s:13:"shutter_speed";i:0;s:5:"title";s:0:"";}}]]></wp:meta_value>
		</wp:postmeta>
	</item>

	<item>
				<title>b-icelands-biggest-volcano-timelapse</title>
		<link>http://demo.qodeinteractive.com/elision/icelands-biggest-volcano-timelapse/b-icelands-biggest-volcano-timelapse/</link>
		<pubDate>Tue, 29 Oct 2013 10:27:42 +0000</pubDate>
		<dc:creator><![CDATA[admin]]></dc:creator>
		<guid isPermaLink="false">http://demo.qodeinteractive.com/elision/wp-content/uploads/2013/10/b-icelands-biggest-volcano-timelapse.jpg</guid>
		<description></description>
		<content:encoded><![CDATA[]]></content:encoded>
		<excerpt:encoded><![CDATA[]]></excerpt:encoded>
		<wp:post_id>2827</wp:post_id>
		<wp:post_date>2013-10-29 10:27:42</wp:post_date>
		<wp:post_date_gmt>2013-10-29 10:27:42</wp:post_date_gmt>
		<wp:comment_status>open</wp:comment_status>
		<wp:ping_status>open</wp:ping_status>
		<wp:post_name>b-icelands-biggest-volcano-timelapse</wp:post_name>
		<wp:status>inherit</wp:status>
		<wp:post_parent>40</wp:post_parent>
		<wp:menu_order>0</wp:menu_order>
		<wp:post_type>attachment</wp:post_type>
		<wp:post_password></wp:post_password>
		<wp:is_sticky>0</wp:is_sticky>
		<wp:attachment_url>http://demo.qodeinteractive.com/elision/wp-content/uploads/2013/10/b-icelands-biggest-volcano-timelapse.jpg</wp:attachment_url>
		<wp:postmeta>
			<wp:meta_key>_wp_attached_file</wp:meta_key>
			<wp:meta_value><![CDATA[2013/10/b-icelands-biggest-volcano-timelapse.jpg]]></wp:meta_value>
		</wp:postmeta>
		<wp:postmeta>
			<wp:meta_key>_wp_attachment_metadata</wp:meta_key>
			<wp:meta_value><![CDATA[a:5:{s:5:"width";i:1100;s:6:"height";i:619;s:4:"file";s:48:"2013/10/b-icelands-biggest-volcano-timelapse.jpg";s:5:"sizes";a:10:{s:9:"thumbnail";a:4:{s:4:"file";s:48:"b-icelands-biggest-volcano-timelapse-150x150.jpg";s:5:"width";i:150;s:6:"height";i:150;s:9:"mime-type";s:10:"image/jpeg";}s:6:"medium";a:4:{s:4:"file";s:48:"b-icelands-biggest-volcano-timelapse-300x168.jpg";s:5:"width";i:300;s:6:"height";i:168;s:9:"mime-type";s:10:"image/jpeg";}s:5:"large";a:4:{s:4:"file";s:49:"b-icelands-biggest-volcano-timelapse-1024x576.jpg";s:5:"width";i:1024;s:6:"height";i:576;s:9:"mime-type";s:10:"image/jpeg";}s:16:"portfolio-square";a:4:{s:4:"file";s:48:"b-icelands-biggest-volcano-timelapse-520x520.jpg";s:5:"width";i:520;s:6:"height";i:520;s:9:"mime-type";s:10:"image/jpeg";}s:18:"menu-featured-post";a:4:{s:4:"file";s:48:"b-icelands-biggest-volcano-timelapse-345x198.jpg";s:5:"width";i:345;s:6:"height";i:198;s:9:"mime-type";s:10:"image/jpeg";}s:20:"qode-carousel_slider";a:4:{s:4:"file";s:48:"b-icelands-biggest-volcano-timelapse-400x260.jpg";s:5:"width";i:400;s:6:"height";i:260;s:9:"mime-type";s:10:"image/jpeg";}s:16:"portfolio_slider";a:4:{s:4:"file";s:48:"b-icelands-biggest-volcano-timelapse-480x320.jpg";s:5:"width";i:480;s:6:"height";i:320;s:9:"mime-type";s:10:"image/jpeg";}s:14:"shop_thumbnail";a:4:{s:4:"file";s:47:"b-icelands-biggest-volcano-timelapse-137x77.jpg";s:5:"width";i:137;s:6:"height";i:77;s:9:"mime-type";s:10:"image/jpeg";}s:12:"shop_catalog";a:4:{s:4:"file";s:48:"b-icelands-biggest-volcano-timelapse-250x140.jpg";s:5:"width";i:250;s:6:"height";i:140;s:9:"mime-type";s:10:"image/jpeg";}s:11:"shop_single";a:4:{s:4:"file";s:48:"b-icelands-biggest-volcano-timelapse-520x292.jpg";s:5:"width";i:520;s:6:"height";i:292;s:9:"mime-type";s:10:"image/jpeg";}}s:10:"image_meta";a:10:{s:8:"aperture";i:0;s:6:"credit";s:0:"";s:6:"camera";s:0:"";s:7:"caption";s:0:"";s:17:"created_timestamp";i:0;s:9:"copyright";s:0:"";s:12:"focal_length";i:0;s:3:"iso";i:0;s:13:"shutter_speed";i:0;s:5:"title";s:0:"";}}]]></wp:meta_value>
		</wp:postmeta>
	</item>

	<item>
				<title>slide1_bg</title>
		<link>http://demo.qodeinteractive.com/elision/?attachment_id=2828</link>
		<pubDate>Tue, 29 Oct 2013 14:16:51 +0000</pubDate>
		<dc:creator><![CDATA[admin]]></dc:creator>
		<guid isPermaLink="false">http://demo.qodeinteractive.com/elision/wp-content/uploads/2013/10/slide1_bg.jpg</guid>
		<description></description>
		<content:encoded><![CDATA[]]></content:encoded>
		<excerpt:encoded><![CDATA[]]></excerpt:encoded>
		<wp:post_id>2828</wp:post_id>
		<wp:post_date>2013-10-29 14:16:51</wp:post_date>
		<wp:post_date_gmt>2013-10-29 14:16:51</wp:post_date_gmt>
		<wp:comment_status>open</wp:comment_status>
		<wp:ping_status>open</wp:ping_status>
		<wp:post_name>slide1_bg-2</wp:post_name>
		<wp:status>inherit</wp:status>
		<wp:post_parent>0</wp:post_parent>
		<wp:menu_order>0</wp:menu_order>
		<wp:post_type>attachment</wp:post_type>
		<wp:post_password></wp:post_password>
		<wp:is_sticky>0</wp:is_sticky>
		<wp:attachment_url>http://demo.qodeinteractive.com/elision/wp-content/uploads/2013/10/slide1_bg.jpg</wp:attachment_url>
		<wp:postmeta>
			<wp:meta_key>_wp_attached_file</wp:meta_key>
			<wp:meta_value><![CDATA[2013/10/slide1_bg.jpg]]></wp:meta_value>
		</wp:postmeta>
		<wp:postmeta>
			<wp:meta_key>_wp_attachment_metadata</wp:meta_key>
			<wp:meta_value><![CDATA[a:5:{s:5:"width";i:1920;s:6:"height";i:543;s:4:"file";s:21:"2013/10/slide1_bg.jpg";s:5:"sizes";a:10:{s:9:"thumbnail";a:4:{s:4:"file";s:21:"slide1_bg-150x150.jpg";s:5:"width";i:150;s:6:"height";i:150;s:9:"mime-type";s:10:"image/jpeg";}s:6:"medium";a:4:{s:4:"file";s:20:"slide1_bg-300x84.jpg";s:5:"width";i:300;s:6:"height";i:84;s:9:"mime-type";s:10:"image/jpeg";}s:5:"large";a:4:{s:4:"file";s:22:"slide1_bg-1024x289.jpg";s:5:"width";i:1024;s:6:"height";i:289;s:9:"mime-type";s:10:"image/jpeg";}s:16:"portfolio-square";a:4:{s:4:"file";s:21:"slide1_bg-520x520.jpg";s:5:"width";i:520;s:6:"height";i:520;s:9:"mime-type";s:10:"image/jpeg";}s:18:"menu-featured-post";a:4:{s:4:"file";s:21:"slide1_bg-345x198.jpg";s:5:"width";i:345;s:6:"height";i:198;s:9:"mime-type";s:10:"image/jpeg";}s:20:"qode-carousel_slider";a:4:{s:4:"file";s:21:"slide1_bg-400x260.jpg";s:5:"width";i:400;s:6:"height";i:260;s:9:"mime-type";s:10:"image/jpeg";}s:16:"portfolio_slider";a:4:{s:4:"file";s:21:"slide1_bg-480x320.jpg";s:5:"width";i:480;s:6:"height";i:320;s:9:"mime-type";s:10:"image/jpeg";}s:14:"shop_thumbnail";a:4:{s:4:"file";s:20:"slide1_bg-137x38.jpg";s:5:"width";i:137;s:6:"height";i:38;s:9:"mime-type";s:10:"image/jpeg";}s:12:"shop_catalog";a:4:{s:4:"file";s:20:"slide1_bg-250x70.jpg";s:5:"width";i:250;s:6:"height";i:70;s:9:"mime-type";s:10:"image/jpeg";}s:11:"shop_single";a:4:{s:4:"file";s:21:"slide1_bg-520x147.jpg";s:5:"width";i:520;s:6:"height";i:147;s:9:"mime-type";s:10:"image/jpeg";}}s:10:"image_meta";a:10:{s:8:"aperture";i:0;s:6:"credit";s:0:"";s:6:"camera";s:0:"";s:7:"caption";s:0:"";s:17:"created_timestamp";i:0;s:9:"copyright";s:0:"";s:12:"focal_length";i:0;s:3:"iso";i:0;s:13:"shutter_speed";i:0;s:5:"title";s:0:"";}}]]></wp:meta_value>
		</wp:postmeta>
		<wp:postmeta>
			<wp:meta_key>_wp_attachment_image_alt</wp:meta_key>
			<wp:meta_value><![CDATA[]]></wp:meta_value>
		</wp:postmeta>
		<wp:postmeta>
			<wp:meta_key>_qode-like</wp:meta_key>
			<wp:meta_value><![CDATA[0]]></wp:meta_value>
		</wp:postmeta>
	</item>

	<item>
				<title>slide_line</title>
		<link>http://demo.qodeinteractive.com/elision/?attachment_id=2829</link>
		<pubDate>Tue, 29 Oct 2013 14:38:29 +0000</pubDate>
		<dc:creator><![CDATA[admin]]></dc:creator>
		<guid isPermaLink="false">http://demo.qodeinteractive.com/elision/wp-content/uploads/2013/10/slide_line.png</guid>
		<description></description>
		<content:encoded><![CDATA[]]></content:encoded>
		<excerpt:encoded><![CDATA[]]></excerpt:encoded>
		<wp:post_id>2829</wp:post_id>
		<wp:post_date>2013-10-29 14:38:29</wp:post_date>
		<wp:post_date_gmt>2013-10-29 14:38:29</wp:post_date_gmt>
		<wp:comment_status>open</wp:comment_status>
		<wp:ping_status>open</wp:ping_status>
		<wp:post_name>slide_line</wp:post_name>
		<wp:status>inherit</wp:status>
		<wp:post_parent>0</wp:post_parent>
		<wp:menu_order>0</wp:menu_order>
		<wp:post_type>attachment</wp:post_type>
		<wp:post_password></wp:post_password>
		<wp:is_sticky>0</wp:is_sticky>
		<wp:attachment_url>http://demo.qodeinteractive.com/elision/wp-content/uploads/2013/10/slide_line.png</wp:attachment_url>
		<wp:postmeta>
			<wp:meta_key>_wp_attached_file</wp:meta_key>
			<wp:meta_value><![CDATA[2013/10/slide_line.png]]></wp:meta_value>
		</wp:postmeta>
		<wp:postmeta>
			<wp:meta_key>_wp_attachment_metadata</wp:meta_key>
			<wp:meta_value><![CDATA[a:5:{s:5:"width";i:55;s:6:"height";i:2;s:4:"file";s:22:"2013/10/slide_line.png";s:5:"sizes";a:0:{}s:10:"image_meta";a:10:{s:8:"aperture";i:0;s:6:"credit";s:0:"";s:6:"camera";s:0:"";s:7:"caption";s:0:"";s:17:"created_timestamp";i:0;s:9:"copyright";s:0:"";s:12:"focal_length";i:0;s:3:"iso";i:0;s:13:"shutter_speed";i:0;s:5:"title";s:0:"";}}]]></wp:meta_value>
		</wp:postmeta>
		<wp:postmeta>
			<wp:meta_key>_wp_attachment_image_alt</wp:meta_key>
			<wp:meta_value><![CDATA[]]></wp:meta_value>
		</wp:postmeta>
	</item>

	<item>
				<title>slide2_bg</title>
		<link>http://demo.qodeinteractive.com/elision/?attachment_id=2830</link>
		<pubDate>Tue, 29 Oct 2013 15:08:44 +0000</pubDate>
		<dc:creator><![CDATA[admin]]></dc:creator>
		<guid isPermaLink="false">http://demo.qodeinteractive.com/elision/wp-content/uploads/2013/10/slide2_bg1.jpg</guid>
		<description></description>
		<content:encoded><![CDATA[]]></content:encoded>
		<excerpt:encoded><![CDATA[]]></excerpt:encoded>
		<wp:post_id>2830</wp:post_id>
		<wp:post_date>2013-10-29 15:08:44</wp:post_date>
		<wp:post_date_gmt>2013-10-29 15:08:44</wp:post_date_gmt>
		<wp:comment_status>open</wp:comment_status>
		<wp:ping_status>open</wp:ping_status>
		<wp:post_name>slide2_bg-2</wp:post_name>
		<wp:status>inherit</wp:status>
		<wp:post_parent>0</wp:post_parent>
		<wp:menu_order>0</wp:menu_order>
		<wp:post_type>attachment</wp:post_type>
		<wp:post_password></wp:post_password>
		<wp:is_sticky>0</wp:is_sticky>
		<wp:attachment_url>http://demo.qodeinteractive.com/elision/wp-content/uploads/2013/10/slide2_bg1.jpg</wp:attachment_url>
		<wp:postmeta>
			<wp:meta_key>_wp_attached_file</wp:meta_key>
			<wp:meta_value><![CDATA[2013/10/slide2_bg1.jpg]]></wp:meta_value>
		</wp:postmeta>
		<wp:postmeta>
			<wp:meta_key>_wp_attachment_metadata</wp:meta_key>
			<wp:meta_value><![CDATA[a:5:{s:5:"width";i:1920;s:6:"height";i:543;s:4:"file";s:22:"2013/10/slide2_bg1.jpg";s:5:"sizes";a:10:{s:9:"thumbnail";a:4:{s:4:"file";s:22:"slide2_bg1-150x150.jpg";s:5:"width";i:150;s:6:"height";i:150;s:9:"mime-type";s:10:"image/jpeg";}s:6:"medium";a:4:{s:4:"file";s:21:"slide2_bg1-300x84.jpg";s:5:"width";i:300;s:6:"height";i:84;s:9:"mime-type";s:10:"image/jpeg";}s:5:"large";a:4:{s:4:"file";s:23:"slide2_bg1-1024x289.jpg";s:5:"width";i:1024;s:6:"height";i:289;s:9:"mime-type";s:10:"image/jpeg";}s:16:"portfolio-square";a:4:{s:4:"file";s:22:"slide2_bg1-520x520.jpg";s:5:"width";i:520;s:6:"height";i:520;s:9:"mime-type";s:10:"image/jpeg";}s:18:"menu-featured-post";a:4:{s:4:"file";s:22:"slide2_bg1-345x198.jpg";s:5:"width";i:345;s:6:"height";i:198;s:9:"mime-type";s:10:"image/jpeg";}s:20:"qode-carousel_slider";a:4:{s:4:"file";s:22:"slide2_bg1-400x260.jpg";s:5:"width";i:400;s:6:"height";i:260;s:9:"mime-type";s:10:"image/jpeg";}s:16:"portfolio_slider";a:4:{s:4:"file";s:22:"slide2_bg1-480x320.jpg";s:5:"width";i:480;s:6:"height";i:320;s:9:"mime-type";s:10:"image/jpeg";}s:14:"shop_thumbnail";a:4:{s:4:"file";s:21:"slide2_bg1-137x38.jpg";s:5:"width";i:137;s:6:"height";i:38;s:9:"mime-type";s:10:"image/jpeg";}s:12:"shop_catalog";a:4:{s:4:"file";s:21:"slide2_bg1-250x70.jpg";s:5:"width";i:250;s:6:"height";i:70;s:9:"mime-type";s:10:"image/jpeg";}s:11:"shop_single";a:4:{s:4:"file";s:22:"slide2_bg1-520x147.jpg";s:5:"width";i:520;s:6:"height";i:147;s:9:"mime-type";s:10:"image/jpeg";}}s:10:"image_meta";a:10:{s:8:"aperture";i:0;s:6:"credit";s:0:"";s:6:"camera";s:0:"";s:7:"caption";s:0:"";s:17:"created_timestamp";i:0;s:9:"copyright";s:0:"";s:12:"focal_length";i:0;s:3:"iso";i:0;s:13:"shutter_speed";i:0;s:5:"title";s:0:"";}}]]></wp:meta_value>
		</wp:postmeta>
		<wp:postmeta>
			<wp:meta_key>_wp_attachment_image_alt</wp:meta_key>
			<wp:meta_value><![CDATA[a]]></wp:meta_value>
		</wp:postmeta>
		<wp:postmeta>
			<wp:meta_key>_qode-like</wp:meta_key>
			<wp:meta_value><![CDATA[0]]></wp:meta_value>
		</wp:postmeta>
	</item>

	<item>
				<title>slide3_bg</title>
		<link>http://demo.qodeinteractive.com/elision/?attachment_id=2831</link>
		<pubDate>Tue, 29 Oct 2013 15:11:33 +0000</pubDate>
		<dc:creator><![CDATA[admin]]></dc:creator>
		<guid isPermaLink="false">http://demo.qodeinteractive.com/elision/wp-content/uploads/2013/10/slide3_bg1.jpg</guid>
		<description></description>
		<content:encoded><![CDATA[]]></content:encoded>
		<excerpt:encoded><![CDATA[]]></excerpt:encoded>
		<wp:post_id>2831</wp:post_id>
		<wp:post_date>2013-10-29 15:11:33</wp:post_date>
		<wp:post_date_gmt>2013-10-29 15:11:33</wp:post_date_gmt>
		<wp:comment_status>open</wp:comment_status>
		<wp:ping_status>open</wp:ping_status>
		<wp:post_name>slide3_bg-2</wp:post_name>
		<wp:status>inherit</wp:status>
		<wp:post_parent>0</wp:post_parent>
		<wp:menu_order>0</wp:menu_order>
		<wp:post_type>attachment</wp:post_type>
		<wp:post_password></wp:post_password>
		<wp:is_sticky>0</wp:is_sticky>
		<wp:attachment_url>http://demo.qodeinteractive.com/elision/wp-content/uploads/2013/10/slide3_bg1.jpg</wp:attachment_url>
		<wp:postmeta>
			<wp:meta_key>_wp_attached_file</wp:meta_key>
			<wp:meta_value><![CDATA[2013/10/slide3_bg1.jpg]]></wp:meta_value>
		</wp:postmeta>
		<wp:postmeta>
			<wp:meta_key>_wp_attachment_metadata</wp:meta_key>
			<wp:meta_value><![CDATA[a:5:{s:5:"width";i:1920;s:6:"height";i:543;s:4:"file";s:22:"2013/10/slide3_bg1.jpg";s:5:"sizes";a:10:{s:9:"thumbnail";a:4:{s:4:"file";s:22:"slide3_bg1-150x150.jpg";s:5:"width";i:150;s:6:"height";i:150;s:9:"mime-type";s:10:"image/jpeg";}s:6:"medium";a:4:{s:4:"file";s:21:"slide3_bg1-300x84.jpg";s:5:"width";i:300;s:6:"height";i:84;s:9:"mime-type";s:10:"image/jpeg";}s:5:"large";a:4:{s:4:"file";s:23:"slide3_bg1-1024x289.jpg";s:5:"width";i:1024;s:6:"height";i:289;s:9:"mime-type";s:10:"image/jpeg";}s:16:"portfolio-square";a:4:{s:4:"file";s:22:"slide3_bg1-520x520.jpg";s:5:"width";i:520;s:6:"height";i:520;s:9:"mime-type";s:10:"image/jpeg";}s:18:"menu-featured-post";a:4:{s:4:"file";s:22:"slide3_bg1-345x198.jpg";s:5:"width";i:345;s:6:"height";i:198;s:9:"mime-type";s:10:"image/jpeg";}s:20:"qode-carousel_slider";a:4:{s:4:"file";s:22:"slide3_bg1-400x260.jpg";s:5:"width";i:400;s:6:"height";i:260;s:9:"mime-type";s:10:"image/jpeg";}s:16:"portfolio_slider";a:4:{s:4:"file";s:22:"slide3_bg1-480x320.jpg";s:5:"width";i:480;s:6:"height";i:320;s:9:"mime-type";s:10:"image/jpeg";}s:14:"shop_thumbnail";a:4:{s:4:"file";s:21:"slide3_bg1-137x38.jpg";s:5:"width";i:137;s:6:"height";i:38;s:9:"mime-type";s:10:"image/jpeg";}s:12:"shop_catalog";a:4:{s:4:"file";s:21:"slide3_bg1-250x70.jpg";s:5:"width";i:250;s:6:"height";i:70;s:9:"mime-type";s:10:"image/jpeg";}s:11:"shop_single";a:4:{s:4:"file";s:22:"slide3_bg1-520x147.jpg";s:5:"width";i:520;s:6:"height";i:147;s:9:"mime-type";s:10:"image/jpeg";}}s:10:"image_meta";a:10:{s:8:"aperture";i:0;s:6:"credit";s:0:"";s:6:"camera";s:0:"";s:7:"caption";s:0:"";s:17:"created_timestamp";i:0;s:9:"copyright";s:0:"";s:12:"focal_length";i:0;s:3:"iso";i:0;s:13:"shutter_speed";i:0;s:5:"title";s:0:"";}}]]></wp:meta_value>
		</wp:postmeta>
		<wp:postmeta>
			<wp:meta_key>_wp_attachment_image_alt</wp:meta_key>
			<wp:meta_value><![CDATA[a]]></wp:meta_value>
		</wp:postmeta>
		<wp:postmeta>
			<wp:meta_key>_qode-like</wp:meta_key>
			<wp:meta_value><![CDATA[0]]></wp:meta_value>
		</wp:postmeta>
	</item>

	<item>
				<title>06</title>
		<link>http://demo.qodeinteractive.com/elision/?attachment_id=2838</link>
		<pubDate>Wed, 30 Oct 2013 11:13:00 +0000</pubDate>
		<dc:creator><![CDATA[admin]]></dc:creator>
		<guid isPermaLink="false">http://demo.qodeinteractive.com/elision/wp-content/uploads/2013/10/061.jpg</guid>
		<description></description>
		<content:encoded><![CDATA[]]></content:encoded>
		<excerpt:encoded><![CDATA[]]></excerpt:encoded>
		<wp:post_id>2838</wp:post_id>
		<wp:post_date>2013-10-30 11:13:00</wp:post_date>
		<wp:post_date_gmt>2013-10-30 11:13:00</wp:post_date_gmt>
		<wp:comment_status>open</wp:comment_status>
		<wp:ping_status>open</wp:ping_status>
		<wp:post_name>06-5</wp:post_name>
		<wp:status>inherit</wp:status>
		<wp:post_parent>0</wp:post_parent>
		<wp:menu_order>0</wp:menu_order>
		<wp:post_type>attachment</wp:post_type>
		<wp:post_password></wp:post_password>
		<wp:is_sticky>0</wp:is_sticky>
		<wp:attachment_url>http://demo.qodeinteractive.com/elision/wp-content/uploads/2013/10/061.jpg</wp:attachment_url>
		<wp:postmeta>
			<wp:meta_key>_wp_attached_file</wp:meta_key>
			<wp:meta_value><![CDATA[2013/10/061.jpg]]></wp:meta_value>
		</wp:postmeta>
		<wp:postmeta>
			<wp:meta_key>_wp_attachment_metadata</wp:meta_key>
			<wp:meta_value><![CDATA[a:5:{s:5:"width";i:1920;s:6:"height";i:495;s:4:"file";s:15:"2013/10/061.jpg";s:5:"sizes";a:10:{s:9:"thumbnail";a:4:{s:4:"file";s:15:"061-150x150.jpg";s:5:"width";i:150;s:6:"height";i:150;s:9:"mime-type";s:10:"image/jpeg";}s:6:"medium";a:4:{s:4:"file";s:14:"061-300x77.jpg";s:5:"width";i:300;s:6:"height";i:77;s:9:"mime-type";s:10:"image/jpeg";}s:5:"large";a:4:{s:4:"file";s:16:"061-1024x264.jpg";s:5:"width";i:1024;s:6:"height";i:264;s:9:"mime-type";s:10:"image/jpeg";}s:16:"portfolio-square";a:4:{s:4:"file";s:15:"061-520x495.jpg";s:5:"width";i:520;s:6:"height";i:495;s:9:"mime-type";s:10:"image/jpeg";}s:18:"menu-featured-post";a:4:{s:4:"file";s:15:"061-345x198.jpg";s:5:"width";i:345;s:6:"height";i:198;s:9:"mime-type";s:10:"image/jpeg";}s:20:"qode-carousel_slider";a:4:{s:4:"file";s:15:"061-400x260.jpg";s:5:"width";i:400;s:6:"height";i:260;s:9:"mime-type";s:10:"image/jpeg";}s:16:"portfolio_slider";a:4:{s:4:"file";s:15:"061-480x320.jpg";s:5:"width";i:480;s:6:"height";i:320;s:9:"mime-type";s:10:"image/jpeg";}s:14:"shop_thumbnail";a:4:{s:4:"file";s:14:"061-137x35.jpg";s:5:"width";i:137;s:6:"height";i:35;s:9:"mime-type";s:10:"image/jpeg";}s:12:"shop_catalog";a:4:{s:4:"file";s:14:"061-250x64.jpg";s:5:"width";i:250;s:6:"height";i:64;s:9:"mime-type";s:10:"image/jpeg";}s:11:"shop_single";a:4:{s:4:"file";s:15:"061-520x134.jpg";s:5:"width";i:520;s:6:"height";i:134;s:9:"mime-type";s:10:"image/jpeg";}}s:10:"image_meta";a:10:{s:8:"aperture";i:0;s:6:"credit";s:0:"";s:6:"camera";s:0:"";s:7:"caption";s:0:"";s:17:"created_timestamp";i:0;s:9:"copyright";s:0:"";s:12:"focal_length";i:0;s:3:"iso";i:0;s:13:"shutter_speed";i:0;s:5:"title";s:0:"";}}]]></wp:meta_value>
		</wp:postmeta>
		<wp:postmeta>
			<wp:meta_key>_qode-like</wp:meta_key>
			<wp:meta_value><![CDATA[0]]></wp:meta_value>
		</wp:postmeta>
	</item>

	<item>
				<title>WHITE</title>
		<link>http://demo.qodeinteractive.com/elision/?attachment_id=2841</link>
		<pubDate>Wed, 30 Oct 2013 11:26:28 +0000</pubDate>
		<dc:creator><![CDATA[admin]]></dc:creator>
		<guid isPermaLink="false">http://demo.qodeinteractive.com/elision/wp-content/uploads/2013/10/WHITE.png</guid>
		<description></description>
		<content:encoded><![CDATA[]]></content:encoded>
		<excerpt:encoded><![CDATA[]]></excerpt:encoded>
		<wp:post_id>2841</wp:post_id>
		<wp:post_date>2013-10-30 11:26:28</wp:post_date>
		<wp:post_date_gmt>2013-10-30 11:26:28</wp:post_date_gmt>
		<wp:comment_status>open</wp:comment_status>
		<wp:ping_status>open</wp:ping_status>
		<wp:post_name>white</wp:post_name>
		<wp:status>inherit</wp:status>
		<wp:post_parent>0</wp:post_parent>
		<wp:menu_order>0</wp:menu_order>
		<wp:post_type>attachment</wp:post_type>
		<wp:post_password></wp:post_password>
		<wp:is_sticky>0</wp:is_sticky>
		<wp:attachment_url>http://demo.qodeinteractive.com/elision/wp-content/uploads/2013/10/WHITE.png</wp:attachment_url>
		<wp:postmeta>
			<wp:meta_key>_wp_attached_file</wp:meta_key>
			<wp:meta_value><![CDATA[2013/10/WHITE.png]]></wp:meta_value>
		</wp:postmeta>
		<wp:postmeta>
			<wp:meta_key>_wp_attachment_metadata</wp:meta_key>
			<wp:meta_value><![CDATA[a:5:{s:5:"width";i:55;s:6:"height";i:2;s:4:"file";s:17:"2013/10/WHITE.png";s:5:"sizes";a:0:{}s:10:"image_meta";a:10:{s:8:"aperture";i:0;s:6:"credit";s:0:"";s:6:"camera";s:0:"";s:7:"caption";s:0:"";s:17:"created_timestamp";i:0;s:9:"copyright";s:0:"";s:12:"focal_length";i:0;s:3:"iso";i:0;s:13:"shutter_speed";i:0;s:5:"title";s:0:"";}}]]></wp:meta_value>
		</wp:postmeta>
	</item>

	<item>
				<title>WHITE</title>
		<link>http://demo.qodeinteractive.com/elision/?attachment_id=2842</link>
		<pubDate>Wed, 30 Oct 2013 11:30:15 +0000</pubDate>
		<dc:creator><![CDATA[admin]]></dc:creator>
		<guid isPermaLink="false">http://demo.qodeinteractive.com/elision/wp-content/uploads/2013/10/WHITE1.png</guid>
		<description></description>
		<content:encoded><![CDATA[]]></content:encoded>
		<excerpt:encoded><![CDATA[]]></excerpt:encoded>
		<wp:post_id>2842</wp:post_id>
		<wp:post_date>2013-10-30 11:30:15</wp:post_date>
		<wp:post_date_gmt>2013-10-30 11:30:15</wp:post_date_gmt>
		<wp:comment_status>open</wp:comment_status>
		<wp:ping_status>open</wp:ping_status>
		<wp:post_name>white-2</wp:post_name>
		<wp:status>inherit</wp:status>
		<wp:post_parent>0</wp:post_parent>
		<wp:menu_order>0</wp:menu_order>
		<wp:post_type>attachment</wp:post_type>
		<wp:post_password></wp:post_password>
		<wp:is_sticky>0</wp:is_sticky>
		<wp:attachment_url>http://demo.qodeinteractive.com/elision/wp-content/uploads/2013/10/WHITE1.png</wp:attachment_url>
		<wp:postmeta>
			<wp:meta_key>_wp_attached_file</wp:meta_key>
			<wp:meta_value><![CDATA[2013/10/WHITE1.png]]></wp:meta_value>
		</wp:postmeta>
		<wp:postmeta>
			<wp:meta_key>_wp_attachment_metadata</wp:meta_key>
			<wp:meta_value><![CDATA[a:5:{s:5:"width";i:55;s:6:"height";i:2;s:4:"file";s:18:"2013/10/WHITE1.png";s:5:"sizes";a:0:{}s:10:"image_meta";a:10:{s:8:"aperture";i:0;s:6:"credit";s:0:"";s:6:"camera";s:0:"";s:7:"caption";s:0:"";s:17:"created_timestamp";i:0;s:9:"copyright";s:0:"";s:12:"focal_length";i:0;s:3:"iso";i:0;s:13:"shutter_speed";i:0;s:5:"title";s:0:"";}}]]></wp:meta_value>
		</wp:postmeta>
		<wp:postmeta>
			<wp:meta_key>_qode-like</wp:meta_key>
			<wp:meta_value><![CDATA[0]]></wp:meta_value>
		</wp:postmeta>
	</item>

	<item>
				<title>p-design-of-total-mechanics--berlin-design-week-poster</title>
		<link>http://demo.qodeinteractive.com/elision/portfolio_page/berlin-design-week-poster/p-design-of-total-mechanics-berlin-design-week-poster/</link>
		<pubDate>Wed, 30 Oct 2013 14:26:03 +0000</pubDate>
		<dc:creator><![CDATA[admin]]></dc:creator>
		<guid isPermaLink="false">http://demo.qodeinteractive.com/elision/wp-content/uploads/2013/10/p-design-of-total-mechanics-berlin-design-week-poster.jpg</guid>
		<description></description>
		<content:encoded><![CDATA[]]></content:encoded>
		<excerpt:encoded><![CDATA[]]></excerpt:encoded>
		<wp:post_id>2844</wp:post_id>
		<wp:post_date>2013-10-30 14:26:03</wp:post_date>
		<wp:post_date_gmt>2013-10-30 14:26:03</wp:post_date_gmt>
		<wp:comment_status>open</wp:comment_status>
		<wp:ping_status>open</wp:ping_status>
		<wp:post_name>p-design-of-total-mechanics-berlin-design-week-poster</wp:post_name>
		<wp:status>inherit</wp:status>
		<wp:post_parent>166</wp:post_parent>
		<wp:menu_order>0</wp:menu_order>
		<wp:post_type>attachment</wp:post_type>
		<wp:post_password></wp:post_password>
		<wp:is_sticky>0</wp:is_sticky>
		<wp:attachment_url>http://demo.qodeinteractive.com/elision/wp-content/uploads/2013/10/p-design-of-total-mechanics-berlin-design-week-poster.jpg</wp:attachment_url>
		<wp:postmeta>
			<wp:meta_key>_wp_attached_file</wp:meta_key>
			<wp:meta_value><![CDATA[2013/10/p-design-of-total-mechanics-berlin-design-week-poster.jpg]]></wp:meta_value>
		</wp:postmeta>
		<wp:postmeta>
			<wp:meta_key>_wp_attachment_metadata</wp:meta_key>
			<wp:meta_value><![CDATA[a:5:{s:5:"width";i:707;s:6:"height";i:530;s:4:"file";s:65:"2013/10/p-design-of-total-mechanics-berlin-design-week-poster.jpg";s:5:"sizes";a:9:{s:9:"thumbnail";a:4:{s:4:"file";s:65:"p-design-of-total-mechanics-berlin-design-week-poster-150x150.jpg";s:5:"width";i:150;s:6:"height";i:150;s:9:"mime-type";s:10:"image/jpeg";}s:6:"medium";a:4:{s:4:"file";s:65:"p-design-of-total-mechanics-berlin-design-week-poster-300x224.jpg";s:5:"width";i:300;s:6:"height";i:224;s:9:"mime-type";s:10:"image/jpeg";}s:16:"portfolio-square";a:4:{s:4:"file";s:65:"p-design-of-total-mechanics-berlin-design-week-poster-520x520.jpg";s:5:"width";i:520;s:6:"height";i:520;s:9:"mime-type";s:10:"image/jpeg";}s:18:"menu-featured-post";a:4:{s:4:"file";s:65:"p-design-of-total-mechanics-berlin-design-week-poster-345x198.jpg";s:5:"width";i:345;s:6:"height";i:198;s:9:"mime-type";s:10:"image/jpeg";}s:20:"qode-carousel_slider";a:4:{s:4:"file";s:65:"p-design-of-total-mechanics-berlin-design-week-poster-400x260.jpg";s:5:"width";i:400;s:6:"height";i:260;s:9:"mime-type";s:10:"image/jpeg";}s:16:"portfolio_slider";a:4:{s:4:"file";s:65:"p-design-of-total-mechanics-berlin-design-week-poster-480x320.jpg";s:5:"width";i:480;s:6:"height";i:320;s:9:"mime-type";s:10:"image/jpeg";}s:14:"shop_thumbnail";a:4:{s:4:"file";s:65:"p-design-of-total-mechanics-berlin-design-week-poster-137x102.jpg";s:5:"width";i:137;s:6:"height";i:102;s:9:"mime-type";s:10:"image/jpeg";}s:12:"shop_catalog";a:4:{s:4:"file";s:65:"p-design-of-total-mechanics-berlin-design-week-poster-250x187.jpg";s:5:"width";i:250;s:6:"height";i:187;s:9:"mime-type";s:10:"image/jpeg";}s:11:"shop_single";a:4:{s:4:"file";s:65:"p-design-of-total-mechanics-berlin-design-week-poster-520x389.jpg";s:5:"width";i:520;s:6:"height";i:389;s:9:"mime-type";s:10:"image/jpeg";}}s:10:"image_meta";a:10:{s:8:"aperture";i:0;s:6:"credit";s:0:"";s:6:"camera";s:0:"";s:7:"caption";s:0:"";s:17:"created_timestamp";i:0;s:9:"copyright";s:0:"";s:12:"focal_length";i:0;s:3:"iso";i:0;s:13:"shutter_speed";i:0;s:5:"title";s:0:"";}}]]></wp:meta_value>
		</wp:postmeta>
	</item>

</channel>
</rss>
